stadium_id,stadium_name,city,field_type,country_name
1275,ALUSTIZA (H.A.),Getaria,Hierba Artificial,
1278,ARGIXAO (H.A.),Zumarraga,Hierba Artificial,
1281,AZKOAGAIN (H.A.),Oñati,Hierba Artificial,
1282,ASTI - TXIKI (H.A.),Zarautz,Hierba Artificial,
1301,MICHELIN (H.A.),Madrid,Hierba Artificial,
1304,ONDARTZA-ANEXO (H.A.),Donostia / San Sebastián,Hierba Artificial,
1305,SAN JOSE OBRERO (H.A.),Cartagena,Hierba Artificial,
1317,ALTAMIRA-ANEXO (H.A.),Ordizia,Hierba Artificial,
1338,KARLA LEKUONA (H.A.),Ugaldetxo,Hierba Artificial,
1340,ZUBIETA (H.A.),Zubieta,Hierba Artificial,
30,ZARAMAGA,Vitoria-Gasteiz,"Hierba Artificial Árbitro: FIDALGO LÓPEZ, MARCO",
34,SANSOMENDI-2,Vitoria-Gasteiz,"Hierba Artificial Árbitro: EL KHATTABI ., NEZZAR",
35,SAN MARTIN,Vitoria-Gasteiz,"Hierba Artificial Árbitro: KHAYATI MEZZI, AYYOUB",
70,OLARANBE Nº 2,Vitoria-Gasteiz,Hierba Natural,
175,LA VITORIANA-1,Vitoria-Gasteiz,"Hierba Artificial Árbitro: MEDIAVILLA PONCE DE LEON, NICOLÁS",
1731,GARMENDIPE-ANEXO (H.A.),Azpeitia,Hierba Artificial,
1965,ZUBIETA Z5 (H.A.),Donostia / San Sebastián,Hierba Artificial,
3295,J.L.COMPAÑON 2 (H.A.),Madrid,"Hierba Artificial Árbitro: CARRASCO SAENZ, JON",
4158,LARREA,Larrea,Hierba Artificial,
4171,IBARRETA,Madrid,Hierba Artificial,
4175,SAN MIGUEL,San Miguel,Hierba Artificial,
4182,SALINILLAS,Gatzaga Buradon,Hierba Artificial,
4201,SANTA BARBARA,Santa Bàrbara,Hierba Artificial,
4263,IPARRALDE,Madrid,Hierba Artificial,
4355,ASTOLA 2,Abadiño-Zelaieta,Hierba Artificial,
4360,URBIETA 2 - Gernika,Gernika-Lumo,Hierba Artificial,
4,ARIZNABARRA,Vitoria-Gasteiz,Hierba Artificial,
5,LAKUA-ARRIAGA,Vitoria-Gasteiz,"Hierba Artificial Árbitro: CARRASCO SAENZ, JON",
9,EL SALVADOR Nº 2,Vitoria-Gasteiz,"Hierba Artificial Árbitro: BECI EGUIA, ENEKO",
33,SANSOMENDI-1,Vitoria-Gasteiz,"Hierba Artificial Árbitro: ACHLOUCH LAMARTI, OMAR",
37,ADURTZABAL,Vitoria-Gasteiz,"Hierba Artificial Árbitro: ESPINO IBÁÑEZ, EDER",
68,BETOÑO Nº 2,Vitoria-Gasteiz,Hierba Artificial,
71,OLARANBE Nº 3,Vitoria-Gasteiz,"Hierba Artificial Árbitro: ETHALI CHEIKH-HELLA, CHEIKH",
79,MARIANISTAS,Mariana,"Hierba Artificial Árbitro: JIMÉNEZ LÓPEZ, PABLO",
176,LA VITORIANA-2,Vitoria-Gasteiz,"Hierba Artificial Árbitro: AMEUR MANAA, YASSIN",
196,OLARANBE Nº 4,Vitoria-Gasteiz,"Hierba Artificial Árbitro: ORTIZ DE ELGUEA CAMPILLO, MARTÍN",
1272,AITA MARI (H.A),Donostia / San Sebastián,Hierba Artificial,
1284,BERAUN (H.A.),Errenteria,Hierba Artificial,
1285,BERIO (H.A.),Donostia / San Sebastián,Hierba Artificial,
1289,FANDERIA,Errenteria,Hierba Artificial,
1290,GAL (H.A.),Madrid,Hierba Artificial,
1294,IBARRA (H.A.),Berrobi,Hierba Artificial,
1298,LA SALLE (H.A.),Irun,Hierba Artificial,
1300,MATIGOXOTEGI (H.A.),Donostia / San Sebastián,Hierba Artificial,
1302,MINTXETA (H.A.),Elgoibar,Hierba Artificial,
1313,USABAL (H.A.),Usabal,Hierba Artificial,
1316,ZUBIPE,Hernani,Hierba Artificial,
1322,ARRATZAIN (H.A.),Usurbil,Hierba Artificial,
1326,ELBARRENA (H.A.),Zizurkil,Hierba Artificial,
1337,REZOLA (H.A.),Astigarraga,Hierba Artificial,
1391,OLARANBE (H.A.),Vitoria-Gasteiz,Hierba Artificial,
1473,LEZAMA (H.A.),Goitioltza,Hierba Artificial,
1558,FÉLIX GARÍN,Donostia / San Sebastián,Hierba Artificial,
1895,SAN JUAN,San Juan,Hierba Artificial,
1897,UBITARTE (H.A.),Andoain,Hierba Artificial,
1898,PUIO,Donostia / San Sebastián,Hierba Artificial,
1964,ZUBIETA Z4 (H.A.),Zubieta,Hierba Artificial,
3155,J.L.COMPAÑON 4 (H.A.),Madrid,Hierba Artificial,
3159,TABIRA,Durango,Hierba Artificial,
3169,MALLONA 1,Bilbao,Hierba Artificial,
3326,POL. REKALDE (EL FANGO),Bilbao,,
3389,C.D.SAN VICENTE,San Vicente,Hierba Artificial,
4149,ASTOLA 1,Abadiño-Zelaieta,Hierba Artificial,
4167,LA SIEBE,San Vicente de Barakaldo,Hierba Artificial,
4173,SOLOARTE,Elexalde Ispaster / Ispaster-Elexalde,Hierba Artificial,
4179,MAIONA A,La Mallona,Hierba Artificial,
4185,AITXARTE,Bilbao,Hierba Artificial,
4208,GOBELA,Areeta / Las Arenas,Hierba Artificial,
4218,SARRIENA 1,Sarriena,Hierba Artificial,
4229,LEGARDA,Legarda,Hierba Artificial,
4236,SAN JORGE,Sant Jordi,Hierba Artificial,
4246,URKO-LARRABASTERRA 1,Ugeraga,Hierba Artificial,
4256,URBIETA-IGORRE,Igorre,Hierba Artificial,
4260,TXOLON,Amorebieta,Hierba Artificial,
4269,BOLUE 3,Algorta,Hierba Artificial,
4273,LOS LLANOS,Pozo de la Peña,Hierba Artificial,
4292,ARTUNDUAGA 2,Basauri,Hierba Artificial,
4363,SARRIENA 3,Sarriena,Hierba Artificial,
4367,LEZAMA 4,Madrid,Hierba Artificial,
4394,P.M. ZORROZA,Bilbao,Hierba Artificial,
4413,SAN LORENZO,Córdoba,Hierba Artificial,
4416,IPARRALDE-URDULIZ,Elortza,Hierba Artificial,
4623,LA ROSETA,La Rosetas,Hierba Artificial,
4715,LEZAMA 7,Madrid,Hierba Artificial,
4853,LEZAMA 8,Madrid,Hierba Artificial,
5105,"MALLONA ""A""",La Mallona,Hierba Artificial,
5162,SAN MIGUEL BASAURI,Basauri,Hierba Artificial,
6033954,CIUDAD DEPORTIVA R.Z. - 1,Madrid,"Hierba Artificial Árbitro: GARCIA REYES, IGNACIO",
3,ARAMBIZKARRA,Vitoria-Gasteiz,"Hierba Artificial Árbitro: LÓPEZ ERRO, VÍCTOR",
1279,ARTIA (H.A.),Madrid,Hierba Artificial,
1280,ASTI FUTBOL ZELAIA,Zarautz,Hierba Natural,
1297,CESAR BENITO (H.A.),Madrid,Hierba Artificial,
1309,TRINTXER (H.A.),Trintxerpe,Hierba Artificial,
1319,ALTAMIRA (H.A.),Ordizia,Hierba Artificial,
1324,BERAZUBI (H.N.),San Blas,Hierba Natural,
1329,GARMENDIPE (H.N.),Azpeitia,Hierba Natural,
1339,ZARKUMENDEGI (H.A.),Astigarraga,Hierba Artificial,
1392,UNBE INFERIOR (H.A.),Madrid,Hierba Artificial,
1668,J.MARI ZAMORA (H.A.),Zamora,Hierba Artificial,
1789,UGALDE-VENTAS (H.A.),Irun,Hierba Artificial,
1812,TABIRA (H.N.),Durango,Hierba Natural,
581898129,Ciudad Deportiva Andrés Iniesta,Albacete,Hierba Artificial,
455940250,Ciudad Dptva. José Manuel Llaneza F-11 Campo 9,Vila-real,Hierba Natural,
488453787,Universidad de Murcia,Murcia,Hierba Artificial,
114276628,Ciudad Dptva. José Manuel Llaneza F-11 Campo 5,Vila-real,Hierba Artificial,
199019750,Municipal de Santiago el Mayor,Murcia,Hierba Artificial,
597300250,Polideportivo Mpal. Altabix F-11 Enrique Cervera,Elche,Hierba Artificial,
693633758,Ciudad Deportiva Antonio Valls,Alicante,Hierba Artificial,
946697990,Estadio Mpal. Francisco Cardona Alboraia F-11,Alboraya,Hierba Artificial,
115935512,Ciudad Dptva. San Vicente del Raspeig-Ramón Asensi,San Vicente Del Raspeig,Hierba Artificial,
652149689,Instalaciones Deportivas Gaetà Huguet,Castellón De La Plana,Campo B - Hierba Artificial,
475562101,Ciudad Dptva. Valencia CF Antonio Puchades,Paterna,Hierba Natural,
340486627,"Campo Municipal ""José Antonio Pérez""",San Pedro Del Pinatar,Hierba Artificial,
793827852,Ciudad Dptva. Elche Jose A. Morante Lico Campo 6,Elche,Hierba Artificial,
669815297,Polideportivo Mpal. Altabix,Elche,Diego Quiles - Hierba Natural,
439146342,Cdad. Dva. José Manuel Llaneza,Vila-real,Mini Estadi,
391779249,Campo Mpal. Javier Marquina A F-11,Castellón De La Plana,Hierba Artificial,
167,MUNICIPAL PALATU,Murgia,"Hierba Artificial Árbitro: MAHNANE TAYEB-BEY, AYMAN",
1966,ZUBIETA Z1 (H.N.),Donostia / San Sebastián,Hierba Natural,
2047,URDANETA H.A.,Urdaneta,Hierba Artificial,
3165,LA FLORIDA,La Florida,Hierba Natural,
4163,LARRATE AZPI,Gatika,Hierba Natural,
4165,LA BALUGA,Baluga,Hierba Natural,
4177,ITXASGANE,Elexalde,Hierba Natural,
4180,ARTXANDA,Bilbao,Hierba Artificial,
4220,ARLONAGUSIA 1,Intzuntza,Hierba Artificial,
4230,ASTIENE,Belako,Hierba Artificial,
4237,SAN JUAN - SANTURTZI,Santurtzi,Hierba Artificial,
4242,HURTADO DE SARATXO,Saratxo,Hierba Artificial,
4266,ARTEAGA,Kanala,Hierba Artificial,
4322,TABIRA PABELLON,Durango,Sintético,
4371,GALINDO 2,Santiponce,Hierba Artificial,
4372,BASOZABAL 2,Belako,Hierba Artificial,
5017,HONDARTZA ANEXO,Madrid,Hierba Artificial,
326644,Ciudad Deportiva Córdoba CF campo 1,Córdoba,Hierba Artificial,
46930695,Diego Mateo Zarra,Madrid,Hierba Artificial,
22,OLARANBE Nº 1,Vitoria-Gasteiz,Hierba Natural,
26,SAN VIATOR,Viator,"Hierba Artificial Árbitro: EL IDRISSI HIDA, MOHAMED",
91,BETOÑO Nº 4 H.NAT.,Vitoria-Gasteiz,"Hierba Natural Árbitro: CIARRUSTA INSAGURBE, ENEKO",
1286,ERROTAZAR (H.A.),Getaria,Hierba Artificial,
1291,GARMENDIPE-ANEXO 2,Azpeitia,Hierba Artificial,
1292,HARANE (H.A.),Madrid,Hierba Artificial,
1311,UNBE SUPERIOR (H.A.),Madrid,Hierba Artificial,
1321,ARIZTI HANDI (H.A.),Lazkao,Hierba Artificial,
1325,IRENE PAREDES (H.A.),Madrid,Hierba Artificial,
1327,ELORRI (H.A.),Elorrio,Hierba Artificial,
1332,LOINAZ (H.A.),Getaria,Hierba Artificial,
1683,MENDIBELTZ (H.A.),Madrid,Hierba Artificial,
1834,MOJATEGI (H.A.),Arrasate / Mondragón,Hierba Artificial,
3151,IBARSUSI,Bilbao,Hierba Artificial,
3542,TXERLOIA,Azkoitia,Hierba Natural,
3721,ZUBIETA Z7 (H.N.),Donostia / San Sebastián,Hierba Natural,
4153,EL MORTUERO,Putxeta,Hierba Artificial,
4168,SERRALTA,Madrid,Hierba Artificial,
4183,P.M. SAN IGNACIO,San Ignacio,Hierba Artificial,
4198,MUNICIPAL A,Madrid,Hierba Artificial,
4204,SAN MIGUEL-GALLARTA,Gallarta,Hierba Artificial,
4207,BOLUE 1,Algorta,Hierba Artificial,
4211,JUAN JOSE MELTXISIDOR,Madrid,Hierba Natural,
4212,M. URESARANSE 1,Urezarantza,Hierba Artificial,
4216,ERREBALE,Larrabetzu,Hierba Artificial,
4219,ASKARTZA CLARET,Sarriena,Hierba Artificial,
4241,GALINDO 1,Pulianas,Hierba Artificial,
4243,EL MALECON,Madrid,Hierba Natural,
4250,LANDABERRI,Atsobakar,Hierba Artificial,
4255,IBAIONDO-OROZKO,Zubiaur,Hierba Artificial,
4268,PENTA,Madrid,Hierba Artificial,
4274,TEODORO ZUAZUA,Ermua,Hierba Artificial,
4284,FADURA,Getxo,Hierba Natural,
4340,LAS LLANAS,Las Llanas,Hierba Natural,
4399,SANTO CRISTO 1,Aldeamayor de San Martín,Hierba Artificial,
5188,BOLUA 3,Getxo,Hierba Artificial,
15,LOS ASTRONOMOS,Vitoria-Gasteiz,"Hierba Artificial Árbitro: RODRIGUEZ ECHANIZ, AITOR",
117844137,Campo Mpal. de la Patacona F-11,Legutio,,
4380,P.M. LASESARRE,San Vicente de Barakaldo,Hierba Artificial,
6033955,CIUDAD DEPORTIVA R.Z. - 2,Madrid,"Hierba Artificial Árbitro: PEREZ TORRES TORRES, MIGUEL ANGEL",
12643241,Estadio de Gran Canaria,Las Palmas de Gran Canaria,Hierba Natural,
16680838,La Espiguera,Melilla,Hierba Artificial,
22715316,AREITIO 2 (HA),Vitoria-Gasteiz,Hierba Artificial,
846286923,Campo Alejandro Martín,Málaga,Hierba Artificial,
669907329,Ciudad Deportiva José Ramón Cisneros,Sevilla,Hierba Natural,
523061935,Municipal San Sebastián de Tomares,Córdoba,Hierba Artificial,
225199668,Ciudad Deportiva Rafael Gordillo A-3 HN,Dos Hermanas,Hierba Natural,
960469800,Ciudad Deportiva El Rosal,Puerto Real,Campo 4 Macarty - Hierba Natural,
541207964,Campo Municipal de Armilla,Armilla,Hierba Artificial,
106876972,Ciudad Deportiva Rafael Gordillo A-4 HN,Dos Hermanas,Hierba Natural,
903779479,Complejo Municipal Malasmañanas,Alcalá De Guadaíra,Hierba Artificial,
819725131,Antonio Bailón,Peligros,Hierba Artificial,
411953886,Campo de Fútbol Francisco Pomedio,Huércal De Almería,Hierba Artificial,
271890599,Campo de Futbol Carlos Sanchez Navarro,Marbella,Hierba Artificial,
424200715,Campo Josemi,Torremolinos,Ciudad de Torremolinos Complejo Dep. Municipal F11 - Hierba Artificial,
967285741,José Benoliel,Ceuta,Hierba Artificial,
950154669,Ciudad Deportiva de Maracena,Maracena,,
910364039,Ciudad Deportiva Jose Ramón Cisneros,Sevilla,Campo 7 - Hierba Artificial,
987078244,Ciudad Deportiva Málaga CF campo 1 HN,Málaga,Hierba Natural,
392060264,Estadio Municipal Los Manantiales,Alhaurín De La Torre,Hierba Artificial,
906726053,Campo de Fútbol José Martínez Pirri,Ceuta,Hierba Artificial,
980993058,C. Dep. Joan Gamper,Sant Joan Despí,Campo 7 - Hierba Natural,
523268511,Son Bibiloni,Palma de Mallorca,Hierba Natural,
890343612,BASE ARAGONESA DE FUTBOL Nº 3 H.A.,Huesca,Hierba Artificial,
567148451,Ciudad Deportiva Dani Jarque,Sant Adrià De Besòs,Hierba Natural,
661460783,ZEM Jaume Tubau,Sant Cugat Del Vallès,Hierba Artificial,
721051808,Ciudad Deportiva Antonio Asensio,Palma de Mallorca,Hierba Natural,
384695688,Camp Municipal de Cornella,Cornellà de Llobregat,Hierba Artificial,
709678115,Ciutat Esportiva,Tarragona,Hierba Artificial,
770884183,CMF Jose Luis Violeta,Zaragoza,Hierba Artificial,
515789321,Ciudad Deportiva CF Damm,Barcelona,Hierba Artificial,
828029472,Campo Sallista -,Inca,,
514580000,Complex Esportiu Olimpia,Sabadell,Hierba Artificial,
190308866,Campo Municipal de Vidreres,Vidreres,Hierba Artificial,
884239241,Camp Municipal de Riudarenes,Riudarenes,Hierba Natural,
506601976,C. Dep Dani Jarque,Sant Adrià De Besòs,Campo 3 -,
705215510,Ciudad Deportiva Antonio Asensio Campo 5,Palma de Mallorca,Hierba Artificial,
488288395,Campo Municipal Sarriena 1,Leioa,Hierba Artificial,
540967804,Ciudad Deportiva Eibar,Mallabia,Areitio 1 - Hierba Artificial,
789361208,A.D. San Juan,Pamplona,Hierba Artificial,
300416360,Campos de Futbol Betoño,Vitoria-Gasteiz,Campo 1 - Hierba Natural,
149176921,Instalaciones Tajonar A2,Aranguren,Hierba Artificial,
796937616,Mallona 1,Bilbao,Hierba Artificial,
368033975,CDM La Ribera,Logroño,Hierba Artificial,
904272138,Oberena,Pamplona,Hierba Artificial,
816645530,Inst. Dep. de Lezama,Lezama,Campo 3 - Hierba Natural,
414422876,Instalaciones de Zubieta Z4 H.A.,San Sebastián-Donostia,Hierba Artificial,
824813891,Jose Luis Compañon,Vitoria-Gasteiz,Ibaia nº 4 (HA) - Hierba Artificial,
312752432,Instalaciones Deportivas Puio,San Sebastián-Donostia,Hierba Artificial,
297538273,Campo Municipal Ángel Aguado nº 2 HA,Logroño,Hierba Artificial,
606904609,Instalaciones de Tajonar A1,Aranguren,Hierba Artificial,
676892562,Instalaciones de Zubieta Z1,San Sebastián-Donostia,Hierba Natural,
707629106,El Requexón 1,Oviedo,Hierba Natural,
916452775,Campo de Fútbol O Pote,Fene,Hierba Artificial,
595572693,COVADONGA (H.Sintetica),Gijón,Hierba Artificial,
160469034,A Madroa 2 HA,Vigo,Hierba Artificial,
934417822,Campo San Juan de Monte,Santander,Hierba Artificial,
292042991,Rodrigo Garcia Vizoso (GRELA I) -,A Coruña,,
76395902,Campo Municipal De Santa Isabel -,Santiago de Compostela,,
937878792,Campo de Fútbol A Cheda,Lugo,Hierba Artificial,
932591047,Ciudad Deportiva de Abegondo 2 HN,Abegondo,Hierba Natural,
783639795,Mareo 1,Gijón,Hierba Natural,
812197170,Campo Municipal Manuel Jimenez,Vilagarcía De Arousa,Hierba Artificial,
929886320,Manolo Barreiro 2,Pontevedra,Hierba Artificial,
234122946,Campo de Fútbol Municipal de Bezana,Santa Cruz de Bezana,Hierba Artificial,
858173197,Campo de Fútbol de Solares,Medio Cudeyo,Hierba Artificial,
139515312,El Requexón 2,Oviedo,Hierba Natural,
730492464,Ciudad deportiva Campo nº1 Escuela de Fútbol de Mareo,Gijón,Hierba Natural,
243691486,Ciudad Deportiva de Abegondo 1 HN Arsenio Iglesias,Abegondo,Hierba Natural,
607773280,Campo Municipal a Lomba,Vilagarcía De Arousa,Hierba Natural,
684363873,Mareo 4 HN,Gijón,Hierba Natural,
205802799,Ciudad Deportiva de Abegondo 8 HA,Abegondo,El Mundo Del Fútbol - Hierba Artificial,
289663894,MAREO 3 (H.Sintética),Gijón,Hierba Artificial,
828811342,Campo Elviña Grande,A Coruña,Hierba Artificial,
578715325,Estadio Municipal de Barreiro,Vigo,Hierba Natural,
868687225,P.M. La Canaleja,Alcorcón,Polideportivo,
939251329,Municipal Sporting de Hortaleza,Madrid,Hierba Artificial,
729808017,Polideportivo Municipal Ciudad Deportiva Valdelasfuentes,Alcobendas,Hierba Artificial,
113028546,Anexo Estadio Villanovense,Villanueva De La Serena,Hierba Artificial,
11958912,Instalaciones Berio,Elorrio,Hierba Natural,
296723273,Parque Deportivo Ebro 1,Legutio,,
455936075,Instalaciones de Olaranbe,Vitoria-Gasteiz,Hierba Natural,
734419394,Condominguez,Legutio,,
14752389,Ciudad Deportiva UD Logroñés campo 2,Logroño,Hierba Artificial,
17338125,Mallona 2,Bilbao,Hierba Artificial,
17393905,Instalaciones de Zubieta Z7 H.N.,Zubieta,Hierba Natural,
24470368,Gimnastic Parc,Manresa,Hierba Artificial,
36831492,Campo 1 Municipal Santa Ana,Madrid,Hierba Artificial,
37230212,C. Dep. La Cañada,La Canyada,Hierba Artificial,
50107529,Ciudad Deportiva del Real Zaragoza,Cuarte de Huerva,Hierba Natural,
910603970,Campo Municipal Suerte Saavedra,Badajoz,Hierba Artificial,
413429588,Ciudad Deportiva Fernando Santos de la Parra,Getafe,Hierba Artificial,
857480669,Anexos Estadio José Zorrilla,Valladolid,Hierba Natural,
298447434,Instalación Deportiva Butarque,Leganés,Hierba Natural,
721107246,Campo 1 Manuel Sánchez Delgado,Cáceres,Hierba Artificial,
549485910,C.D. de Castañares 3,Burgos,Hierba Artificial,
254902527,Estadio Municipal Reina Sofía,Salamanca,Hierba Natural,
172795881,Polideportivo Municipal Navalcarbón,Las Rozas de Madrid,Hierba Artificial,
580118536,C.Dep. Fundacion Rayo Vallecano,Madrid,Campo 4 - Hierba Artificial,
793496929,Estadio Atletico de Madrid CD Alcala de Henares,Alcalá De Henares,Hierba Natural,
278710615,Anexos E.M. José Zorrilla 3,Valladolid,Hierba Artificial,
943181550,Campo Deportivo Ernesto Cotorruelo,Madrid,Hierba Artificial,
522433847,Campo de Fútbol Municipal Virgen de la Torre,Madrid,Hierba Artificial,
848224361,Campo 3 Manuel Sánchez Delgado,Cáceres,Hierba Artificial,
192027159,Anexo Estadio Municipal Reina Sofia,Salamanca,Hierba Artificial,
902097312,Campos Federativos Eusebio Bejarano Vilaro,Badajoz,Hierba Artificial,
407457717,Estadio Atlético de Madrid CD Majadahonda,Majadahonda,Hierba Natural,
869131864,Ciudad Deportiva Leganés,Leganés,Hierba Artificial,
654940883,Cerro del Espino,Majadahonda,Campo 1 - Hierba Natural,
290537600,JUNTA DE OBRAS,Las Palmas de Gran Canaria,Hierba Artificial,
465039937,El Sobradillo,Santa Cruz de Tenerife,Hierba Artificial,
275598167,Anexo Francisco Peraza,San Cristóbal De La Laguna,Hierba Artificial,
775205280,Alfonso Silva,Las Palmas de Gran Canaria,Hierba Artificial,
883461778,Campo de Fútbol Barranco Hondo,Candelaria,,
673051980,Anexo Estadio Gran Canaria,Las Palmas de Gran Canaria,Hierba Artificial,
198313378,Complejo Deportivo Municipal Manuel Pablo,Arucas,Hierba Artificial,
332602595,Estadio Ivan Ramallo,Realejos (Los),Hierba Natural,
438105905,CAMPO FUTBOL DE LA OLIVA BASILIO FUENTES REYES,Oliva (La),Hierba Artificial,
814577536,Los Olivos,Santa Brígida,Hierba Natural,
298181418,Campo 2 Ciudad Deportiva de Tenerife Javier Pérez,Santa Cruz de Tenerife,Hierba Natural,
329926219,Anexo Antonio Dominguez,Adeje,Hierba Artificial,
176100067,Campo Municipal Yaiza,Yaiza,Hierba Artificial,
80202916,Estadio Silvestre Carrillo,Santa Cruz De La Palma,Hierba Artificial,
233347648,Campo 3 Ciudad Deportiva de Tenerife Javier Pérez,Santa Cruz de Tenerife,Hierba Artificial,
70502984,Estadio Municipal Los Principes,Realejos (Los),Hierba Artificial,
200741994,Municipal Las Delicias,Realejos (Los),Hierba Artificial,
948666187,Antonio Yeoward,Realejos (Los),Hierba Artificial,
27686517,Estadi Montilivi,Girona,Hierba Natural,
533286766,Campo 4 Ciudad Deportiva de Tenerife Javier Pérez,Santa Cruz de Tenerife,Hierba Artificial,
431515939,Campo de fútbol Barranco Grande,Santa Cruz de Tenerife,Hierba Artificial,
783192631,Campo de Fútbol Manuel Polinario,Puente Genil,Hierba Artificial,
579956221,Estadio Francisco Muñoz Pérez,Estepona,Hierba Artificial,
93765127,Anexo Estadio de los Juegos Mediterraneos,Almería,Hierba Natural,
843553479,Estadio Álvarez Claro,Melilla,Hierba Natural,
102475081,Estadio El Rubial,Águilas,,
978584753,Francisco de la Hera,Almendralejo,Hierba Natural,
961967422,Francisco Artés Carrasco,Lorca,Hierba Natural,
296743480,Estadio Municipal de Lebrija,Lebrija,Hierba Artificial,
412715442,Estadio Municipal de Chapín,Jerez De La Frontera,Hierba Natural,
891712115,Estadio Municipal Ángel Celdrán,Cartagena,Hierba Artificial,
180959398,Estadio Juan Cayuela,Totana,Hierba Natural,
211452789,Campo Municipal de La Constitución,Yecla,Hierba Natural,
983144323,Estadio Municipal de Linarejos,Linares,Hierba Natural,
473480067,Estadio Nuevo Colombino,Huelva,Hierba Natural,
623317282,Estadio Municipal de la Victoria,Jaén,,
535408075,Estadio de La Condomina,Murcia,Hierba Natural,
580626293,Campo de Futbol José Luis Belda,Fortuna,Hierba Artificial,
172939515,PFC Costa del Sol,Cártama,Hierba Natural,
154196768,Ciudad Deportiva Valverde Reina,Totana,Hierba Artificial,
357627802,Polideportivo Municipal Sa Pobla,Pobla (Sa),Hierba Natural,
315532212,Estadio Municipal Sa Plana,Andratx,Hierba Artificial,
272008652,Campo Municipal de Deportes de Barbastro,Barbastro,,
550700118,Estadio Balear,Palma de Mallorca,Hierba Natural,
678599339,Estadio Johan Cruyff,Sant Joan Despí,Hierba Natural,
856795058,Estadi Municipal Can Misses,Eivissa,Hierba Natural,
616817864,Camp d`Esports,Lleida,Hierba Natural,
809204228,Estadio Municipal de Reus,Reus,Hierba Natural,
744575458,Campo Municipal El Collao,Alcoy,Hierba Natural,
607749150,Campo Municipal de Futbol Porreres-Ses Forques,Porreres,Hierba Artificial,
268261813,Estadio Municipal de Olot,Olot,Hierba Natural,
364692625,Camp Municipal Narcís Sala,Barcelona,,
255212995,Estadi Olìmpic Municipal de Terrassa,Terrassa,Hierba Artificial,
189847791,Campo Municipal Sant Rafael,Sant Antoni De Portmany,Hierba Artificial,
839868510,Campo de Futbol Mpal. San Gregorio,Torrent,Campo A - Hierba Artificial,
405624203,Estadio Municipal El Clariano,Ontinyent,,
887508108,"Campo de Fútbol ""Miguel Montleón""",Picassent,Hierba Artificial,
184668233,Campo de Son Malferit,Palma de Mallorca,Hierba Natural,
657343317,Camp Municipal Ramón Farrús,Lleida,Hierba Artificial,
168466399,Campo Municipal La Eragudina,Astorga,Hierba Natural,
624996321,Campo Municipal Las Callejas,Villaviciosa,Hierba Natural,
951107874,Campo de Fútbol Municipal La Planchada,Astillero (El),Hierba Natural,
493198475,Campo de Fútbol Municipal As Eiroas,Carballo,Hierba Natural,
260116054,Estadio de O Couto,Ourense,Hierba Natural,
905938681,Estadio Nuevo Ganzabal,Langreo,Hierba Artificial,
780340762,Campo Municipal La Albuera,Segovia,Hierba Natural,
459365887,LA MAYORDOMÍA 1,Legutio,,
947087485,PEPE GONÇALVEZ,Donostia / San Sebastián,,
3227,IPARRALDE,,Hierba Artificial,
528699783,Campo de Fútbol de Vallegón,Castro-Urdiales,,
706470098,Estadio Municipal de Miramar,Gozón,Hierba Natural,
315445522,Ciudad Deportiva de Castañares,Burgos,,
468689075,Anexos Estadio Helmántico,Villares De La Reina,Pistas Municipales - Hierba Natural,
237422645,Campo Do Vao,Coruxo (Vigo),Hierba Natural,
537835668,Estadio A Ribela,Sarria,Hierba Artificial,
166736977,Estadio Helmántico,Villares De La Reina,Hierba Natural,
827217194,Estadio José Arjiz,Verín,Hierba Natural,
526060829,Campo Municipal de Albán,Coles,Hierba Artificial,
315027307,Estadio Municipal de Riazor,A Coruña,Hierba Natural,
457657418,Estadio Román Valero,Madrid,Hierba Artificial,
925969011,Estadio Municipal Matapiñonera,San Sebastián De Los Reyes,Hierba Natural,
505752056,Estadio La Fuensanta,Cuenca,Hierba Natural,
724174370,Estadio Municipal San Marcos,Quintanar del Rey,Hierba Artificial,
507401457,Campo Municipal Los Arcos,Orihuela,Hierba Natural,
967108914,Ciudad Real Madrid,Madrid,Hierba Natural,
805763096,Estadio Municipal El Val,Alcalá De Henares,Hierba Natural,
211433132,Estadio Municipal Fernando Torres,Fuenlabrada,Hierba Natural,
664794566,Estadio Mariano González,Navalcarnero,Hierba Artificial,
410349458,Campo Municipal La Isla,Coria,Hierba Artificial,
575424622,Estadio Paquito Giménez,Socuéllamos,Hierba Artificial,
378854622,Campo Mpal. Antonio Solana,Alicante,Hierba Natural,
802509638,Anexo Estadio Municipal Matapiñonera,San Sebastián De Los Reyes,Hierba Artificial,
963901051,Estadi Olimpic Camilo Cano,La Nucia,Hierba Natural,
470322508,Ciudad Deportiva del CD Tenerife,San Cristóbal De La Laguna,Hierba Natural,
733413428,Estadio Municipal El Plantío,Burgos,Hierba Natural,
370135288,Estadio José Zorrilla,Valladolid,Hierba Natural,
307723194,Estadio El Sardinero,Santander,Hierba Natural,
956696369,Estadio La Rosaleda,Málaga,Hierba Natural,
190310582,Estadio Nuevo Los Cármenes,Granada,Hierba Natural,
787176821,Anoeta,San Sebastián-Donostia,Hierba Natural,
126162361,Estadio Municipal Nuevo Mirandilla,Cádiz,Hierba Natural,
628673788,Estadio El Alcoraz,Huesca,Hierba Natural,
965103475,Estadio Municipal El Molinón-Enrique Castro «Quini»,Gijón,,
924504456,Estadio de los Juegos Mediterráneos,Almería,Hierba Natural,
718005017,Estadio Municipal de Ipurua,Eibar,Hierba Natural,
133568456,Nuevo Estadio Castalia,Castellón De La Plana,Hierba Natural,
108267885,Mendizorrotza,Vitoria-Gasteiz,Hierba Natural,
770038118,Estadio Alfonso Murube,Ceuta,Hierba Natural,
424460816,La Romareda,Zaragoza,Hierba Natural,
167256802,Estadio Reino de León,León,Hierba Natural,
292515282,Estadio Municipal Carlos Belmonte,Albacete,Hierba Natural,
281795806,Nuevo Arcángel,Córdoba,Hierba Natural,
684624739,Estadio Modular,Zaragoza,Real Zaragoza - Hierba Natural,
728048929,Estadio Municipal de Anduva,Miranda de Ebro,Hierba Natural,
65312736,Estadi Mallorca Son Moix,Palma de Mallorca,Hierba Natural,
442474187,Camp de Mestalla,Valencia,Hierba Natural,
786394367,Estadio Balaidos,Vigo,Hierba Natural,
251562314,San Mamés,Bilbao,Hierba Natural,
114205052,RCDE Stadium,Barcelona,Hierba Natural,
62778710,Estadio Martínez Valero,Elche,Hierba Natural,
447287560,Estadio Santiago Bernabeu,Madrid,Hierba Natural,
500724245,Estadio La Cartuja Sevilla,Sevilla,Hierba Natural,
756399647,Estadio Metropolitano,Madrid,Hierba Natural,
564289276,Estadio Ciutat de Valencia,Valencia,Hierba Natural,
900126494,Estadio El Sadar,Pamplona,Hierba Natural,
774138590,Carlos Tartiere,Oviedo,Hierba Natural,
692053232,Estadio Ramón Sánchez-Pizjuán,Sevilla,Hierba Natural,
89166263,Estadio de Vallecas,Madrid,Hierba Natural,
334897701,Coliseum Getafe,Getafe,Hierba Natural,
632111935,Estadio Olímpico Lluís Companys,Barcelona,,
820063855,Camp Nou,Barcelona,Hierba Natural,
504439204,Estadio Alfredo Di Stéfano,Madrid,Hierba Natural,
278916607,Estadio Municipal de Pasarón,Pontevedra,Hierba Natural,
187771224,Estadio Ruta de la Plata,Zamora,Hierba Natural,
294268384,Campo Municipal A Malata,Ferrol,Hierba Natural,
415992362,Campo Municipal de Gobela,Getxo,Hierba Artificial,
303099821,Estadio Pedro Escartín,Guadalajara,Hierba Natural,
983264151,Estadio Municipal Román Suárez Puerta,Avilés,,
920548869,Estadio Anxo Carro,Lugo,Hierba Natural,
217766631,Nuevo Estadio Lasesarre,Barakaldo,,
665965036,Estadio Municipal El Toralín,Ponferrada,Hierba Natural,
560252159,Estadio Municipal El Prado,Talavera de la Reina,Hierba Natural,
991611808,Instalaciones de Tajonar H1,Aranguren,Hierba Natural,
784605644,Campo Municipal de Espiñedo,Carballiño (O),Hierba Natural,
788919544,Instalaciones Deportivas de Lezama,Lezama,Hierba Natural,
319585099,Estadio Principe Felipe,Cáceres,Hierba Natural,
404485926,Campo de A Pinguela,Monforte De Lemos,Hierba Natural,
362167378,Campo Municipal de Fadura,Getxo,Hierba Natural,
680979990,Estadio Municipal Luchan Ejea de los Caballeros,Ejea de los Caballeros,Hierba Artificial,
920349766,Ciudad Deportiva,Zaragoza,Hierba Artificial,
330524835,Campo Municipal de Urritxe,Amorebieta-Etxano,Hierba Natural,
311735880,Estadio Municipal La Molineta,Alfaro,Hierba Natural,
536604350,Estadio Las Gaunas,Logroño,Hierba Natural,
268036476,Campo Municipial La Salera,Nájera,Hierba Natural,
151820125,Campo Santa Ana,Utebo,Hierba Natural,
916453843,Ciudad de Tudela,Tudela,Hierba Natural,
26558456,Estadio Heliodoro Rodríguez López,Santa Cruz de Tenerife,Hierba Natural,
33542688,Estadio Municipal de Butarque,Leganés,Hierba Natural,
36265185,Estadio de la Cerámica,Vila-real,Hierba Natural,
36405783,Nuevo Los Pajaritos,Soria,Hierba Natural,
37293017,Estadio Romano José Fouto,Mérida,Hierba Natural,
50959602,Estadio Municipal Adolfo Suárez,Ávila,Hierba Natural,
417380358,Campo de Fútbol Artunduaga,Basauri,Hierba Natural,
621720244,Pvo. Mpal. Valle de Aranguren,Aranguren,Mutilnova - Hierba Artificial,
803275811,Campo de Fútbol Loinatz,Beasain,Hierba Natural,
157271232,Estadio Municipal La Almozara-El Carmen,Zaragoza,Hierba Artificial,
299680094,Stadium Gal,Irun,Hierba Natural,
355585260,Campo Municipal de Las Llanas,Sestao,Hierba Natural,
814952671,Estadio Urbieta 2,Gernika-Lumo,Hierba Artificial,
87659806,Estadio Urbieta,Gernika-Lumo,Hierba Artificial,
476761,HUESCA-Universidad,Huesca,"Hierba Artificial Árbitro: ESCARTIN LARRAZ, MARIO",
16,ANDORRA Juan Antonio Endeiza,Andorra,"Hierba Natural Árbitro: ARANDA ANQUELA, CARLOS",
21,BARBASTRO-Munic. de los Deportes,Barbastro,"Hierba Artificial Árbitro: ROYAN GARCIA, ALBERTO",
23,BELCHITE Municipal El Tejar,Belchite,"Hierba Artificial Árbitro: MELENDO MATEO, DANIEL",
27,BINEFAR Nuevo Los Olmos,Binéfar,"Hierba Artificial Árbitro: FLE USON , JORGE",
31,BORJA Manuel Meler,Borja,"Hierba Artificial Árbitro: LAPENA ANTOÑANZAS, CARLOS",
44,VALDEFIERRO-C.M.F.,Zaragoza,"Hierba Artificial Árbitro: NAVE MAYOLAS, ROBERTO",
54,CALATAYUD San Iñigo,Calatayud,"Hierba Natural Árbitro: GALLARDO LLORENTE, LUCIO",
58,CARIÑENA La Platera,Cariñena,"Hierba Artificial Árbitro: DE LOS RIOS ALVARIÑO, VICTOR",
75,CELLA-Municipal El Carro,Cella,"Hierba Artificial Árbitro: NUÑEZ PEREZ, SERGIO ANTONIO",
77,ALCAÑIZ-Cdad.Dep.Santa María,Alcañiz,"Hierba Artificial Árbitro: JELTI SALMI, LAKHDAR",
112,LA MUELA Ctro.Deportivo-Clemente Padilla,La Muela,"Hierba Artificial Árbitro: FUENTES SUILS, DIEGO",
113,"CUARTE DE HUERVA-Estadio Juan Guerrero ""El Lobo""",Cuarte de Huerva,"Hierba Artificial Árbitro: NIVELA GONZALEZ, DAVID",
124,EPILA La Huerta,Épila,"Hierba Artificial Árbitro: LUCIA LOBERA, ENRIQUE",
133,FRAGA La Estacada,Madrid,"Hierba Artificial Árbitro: ALVAREZ ABADIAS, RUBEN",
136,FUENTES DE EBRO N. San Miguel,Fuentes de Ebro,"Hierba Artificial Árbitro: RAMMAH , MOHAMED REDA",
137,GALLUR Municipal J.A.Jaqués Lebrero,Gallur,"Árbitro: FERNANDEZ MARTINEZ, AQUILINO",
143,ST. CASABLANCA-Gregorio Usabel,Orozko,"Hierba Artificial Árbitro: MELENDO MATEO, DANIEL",
145,HERRERA José Agustín Crespo,Madrid,"Hierba Artificial Árbitro: SANCHO ROS, IKER",
154,ILLUECA Papa Luna,Illueca,"Hierba Artificial Árbitro: HAGHIAC , MIHAITA MARIUS",
159,JOSÉ LUIS VIOLETA,Zaragoza,"Hierba Artificial Árbitro: MUÑOZ HERRERO, JOSE IGNACIO",
164,MUNICIPAL LA CAMISERA,Zaragoza,"Hierba Artificial Árbitro: FLE USON , JORGE",
178,LA PUEBLA DE ALFINDÉN -Miguel Angel Tolosana,La Puebla de Alfindén,"Hierba Artificial Árbitro: PEREZ TORRES TORRES, MIGUEL ANGEL",
191,MALLEN Jose Viela Pirul,Mallén,"Hierba Natural Árbitro: RICO VILA, PABLO",
200,MONZON Isidro Calderón,Monzón,"Hierba Artificial Árbitro: NIVELA GONZALEZ, DAVID",
207,CASETAS San Miguel 1,Zaragoza,"Hierba Natural Árbitro: TAME SAMANIEGO, PABLO",
210,NUEVO RANILLAS-C.M.F.,Madrid,"Hierba Artificial Árbitro: BRUNA GUADAMUR, RAUL",
212,ONTIÑENA El Balsal,Ontiñena,"Árbitro: GHERGHICEANU , FLORIN",
324,PARQUE DEPORTIVO EBRO-1,Zaragoza,"Hierba Artificial Árbitro: LUCIA LOBERA, ENRIQUE",
334,SAN AGUSTIN Carlos Sebastián-COL.,Maspalomas,"Hierba Artificial Árbitro: DE LOS RIOS ALVARIÑO, VICTOR",
354,QUINTO-Gregorio Vidal,Quinto,"Hierba Natural Árbitro: AL-NITEI CIOBANU, SERGIU ANDREI",
357,ROBRES-San Blas,Robres,"Hierba Natural Árbitro: GIMENO OTAL, JOSE ANTONIO",
358,CASPE Los Rosales,Caspe,"Hierba Artificial Árbitro: FORTEA LAGUNA, VICTOR",
361,SADABA Municipal,Sádaba,"Árbitro: HERNANDEZ ANDRES, ESTEBAN",
367,CALAMOCHA Jumaya I,Calamocha,"Hierba Natural Árbitro: GARCIA REYES, IGNACIO",
371,SAN LORENZO F.-José Trallero,Bergara,"Árbitro: GARCIA SANTIAGO, EDGAR",
375,GURREA DE GALLEGO San Nicolás de Bari,Gurrea de Gállego,"Árbitro: TOQUERO MESEGUER, PABLO",
381,MAGALLON Municipal Marbadón,Magallón,"Árbitro: HERNANDEZ ANDRES, ESTEBAN",
385,SANTA ANASTASIA-Fontanaza,Santa Anastasia,"Árbitro: MODREGO GUILLEN, HECTOR",
392,TERUEL-Luis Milla,Teruel,"Hierba Artificial Árbitro: SANCHO ROS, IKER",
401,UTRILLAS La Vega,Utrillas,"Árbitro: CASAUCAU POSADAS, JUAN",
405,VALDERROBRES San Roque,Valderrobres,"Hierba Artificial Árbitro: MOLINARES HERNANDEZ, JUAN JOSE",
408,ZUERA Munic.José Guzmán,Zuera,"Hierba Artificial Árbitro: ESCARTIN LARRAZ, MARIO",
453244,JUSLIBOL San Pantaleón,Juslibol,"Hierba Artificial Árbitro: FORTEA LAGUNA, VICTOR",
453254,PRADILLA DE EBRO Santa Ana,Pradilla de Ebro,"Hierba Natural Árbitro: ALCANTARA BUATAS, JORGE",
453261,EL OLIVAR-Campo 1,El Olivar,"Hierba Artificial Árbitro: HIDALGO SANDINO, SANTIAGO",
478801,JOAQUIN GONZALEZ-1,Madrid,"Hierba Artificial Árbitro: CASAUCAU POSADAS, JUAN",
478807,CALATAYUD Jaime Navarro,Calatayud,"Hierba Natural Árbitro: TAME SAMANIEGO, PABLO",
529681,EL RABAL (antiguo Vadorrey)-C.M.F.,Zaragoza,"Hierba Artificial Árbitro: FERRER COLLADO, DAVID",
566894,LA ALMUNIA Tenerías,La Almunia de Doña Godina,"Hierba Artificial Árbitro: FALCES CASTILLO, ALEJANDRO",
573598,HUESCA San Jorge-1,Huesca,"Hierba Artificial Árbitro: CARRASQUER FOJ, MIGUEL ANGEL",
914110,GOTOR Municipal El Convento,Gotor,"Hierba Natural Árbitro: GHERGHICEANU , FLORIN",
14,ALMUDEVAR Virgen de la Corona,Almudévar,"Hierba Natural Árbitro: NADAL AVELLANAS, ANDRES",
1115016,CALATAYUD Eduardo Marquina,Calatayud,"Hierba Artificial Árbitro: GARCIA REYES, IGNACIO",
5869331,ALMUDEVAR La Corona F8,Almudévar,"Hierba Artificial Árbitro: MONTEAGUDO SOLER, EDGAR",
6066526,HUESCA Base Aragonesa de Fútbol,Huesca,"Hierba Natural Árbitro: NADAL AVELLANAS, ANDRES",
6095066,HUESCA Base Aragonesa de Futbol-HA Campo 3,Huesca,"Hierba Artificial Árbitro: GIMENO OTAL, JOSE ANTONIO",
22715282,AREITIO 1 (HA),Vitoria-Gasteiz,Hierba Artificial,
48438529,CDM Clara Campoamor 1 (Luis Asarta),Madrid,Hierba Artificial,
30148,C.MUN. ARENAL F-11,Madrid,"CESPED ARTIFICIAL Árbitro: MULET AGUILO, ALEXANDRE",
30152,MIGUEL PONS ( Binissalem)F-11,Binissalem,"CESPED ARTIFICIAL Árbitro: VEGA MARTIN, JUAN",
130693,CAMP MUNICIPAL SANT MARTI D'ES MERCADAL,Barcelona,"CESPED ARTIFICIAL Árbitro: GOMEZ GOMEZ, MANUEL",
131259,CAMP MUNICIPAL LOS NOGALES D'ES MIGJORN GRAN,Es Migjorn Gran,"CESPED ARTIFICIAL Árbitro: RODRIGUEZ MARQUES, PEDRO MANUEL",
132657,C.MUN.ARENAL F-7,Madrid,"CESPED ARTIFICIAL Árbitro: ALCEDO COVAS, YERAY",
210376,MUN. LLUC COLOM F-11,Lluc i Son Macip,"CESPED ARTIFICIAL Árbitro: ALCEDO COVAS, YERAY",
574458,CALAMOCHA Jumaya II,Calamocha,"Hierba Natural Árbitro: EL MAZRAOUI, ILYAS",
18,ATECA San Blas,Madrid,"Hierba Natural Árbitro: MIR GIMENEZ, CARLOS",
56,CALATORAO El Romeral,El Romeral,"Hierba Artificial Árbitro: MARTINEZ MARTINEZ, GUILLERMO",
119,EL SALVADOR Quique Oribe-COL.,Madrid,"Hierba Artificial Árbitro: JULIAN OLIVAN, PABLO",
138,GARCIA TRAID,Madrid,"Hierba Artificial Árbitro: LASIERRA CASO, SEBASTIAN",
147,HUESCA San Jorge-2,Huesca,"Hierba Artificial Árbitro: AGUADO PALACIO, ELOY",
169,MORATA La Dehesilla,La Dehesilla,"Hierba Natural Árbitro: PEREZ TORRES TORRES, MIGUEL ANGEL",
195,MONREAL Huerta de San Juan,Horta de Sant Joan,"Árbitro: CUELLAR LOMA, IGNACIO",
211,OLVEGA El Moral,Ólvega,"Hierba Natural Árbitro: BALONGO ARROYO, JESUS",
321,ACTUR-C.M.F.,Zaragoza,"Hierba Artificial Árbitro: RODRIGUEZ BAILO, ALVARO",
355,RICLA-Luis Gil Val,Ricla,"Hierba Artificial Árbitro: MIR GIMENEZ, CARLOS",
356,RIVAS-San Victorian,El Pueyo de Araguás,"Hierba Natural Árbitro: MUÑOZ CHUPS, ALBERTO",
377,SANTA ISABEL-César Lainez-C.M.F.,Madrid,"Hierba Artificial Árbitro: FORTEA LAGUNA, VICTOR",
387,TARAZONA-Pol.Municipal,Tarazona,"Hierba Artificial Árbitro: PEREZ BERNA, VICTOR",
388,TAUSTE-Las Rozas,Tauste,"Hierba Artificial Árbitro: GIMENO BARRABES, ALEJANDRO",
393,TERUEL- Pinilla,Teruel,"Hierba Natural Árbitro: PAVON GAYAN, MANUEL",
400,UTEBO Santa Ana,Ermua,"Hierba Artificial Árbitro: FUENTES SUILS, DIEGO",
30124,CAMP MUNICIPAL LOS PINOS D' ALAIOR F11,Alaior,"CESPED ARTIFICIAL Árbitro: RODRIGUEZ MARQUES, PEDRO MANUEL",
30141,ALARO F-11,Alaró,"CESPED ARTIFICIAL Árbitro: MARTINEZ CABALLERO, JAVIER",
30142,ALCUDIA F-11,Alcúdia,"CESPED ARTIFICIAL Árbitro: ALONSO MARTORELL, HUGO",
30146,CAMP MUNICIPAL SA PLANA ( Andratx) F-11,Andratx,"CESPED ARTIFICIAL Árbitro: MONSERRAT JUAN, MARC",
30159,CAMPOS F-11,Madrid,"CESPED ARTIFICIAL Árbitro: DIAZ SOTO, LUIS MIGUEL",
30166,CAMP MUN CA NA PAULINA ( Collerense) F-11,Madrid,"CESPED ARTIFICIAL Árbitro: CABELLOS CRUZ, HECTOR",
130430,CAMP MUN SON QUINT ( Esporles) F-11,Esporles,"CESPED ARTIFICIAL Árbitro: GARAU BARCELO, CARLOS",
297033,SON CALIU F-11( campo rugby calvia),Palmanova,"CESPED ARTIFICIAL Árbitro: PARDO SANCHIS, JOSE MANUEL",
130432,ES TORRENTÓ - MARIONA CALDENTEY ( Felanitx) F-11,Felanitx,"CESPED ARTIFICIAL Árbitro: ALEMANY ROMERO, JAVIER",
130441,CAMP MUN ES PUIG (Lloseta) F-11,Lloseta,"CESPED ARTIFICIAL Árbitro: BORREDA GIMENEZ, GONZALO",
130446,POL.M.MAGALUF F-11,Magaluf,"CESPED ARTIFICIAL Árbitro: IBAÑEZ MARTINEZ, SANTIAGO",
130449,NA CAPELLERA (Manacor) F-11,Manacor,"CESPED ARTIFICIAL Árbitro: PACHECO GUIJARRO, JUAN JOSE",
130454,MUN. SON CAULELLAS-CATA COLL F-11,Son Caulelles,"CESPED ARTIFICIAL Árbitro: MAZA CORREA, FRANCISCO",
130459,C.MUN.MOLINAR F-11,Molinar,"CESPED ARTIFICIAL Árbitro: IBAÑEZ MARTINEZ, SANTIAGO",
130474,PORRERES F-11,Porreres,"CESPED ARTIFICIAL Árbitro: MAZA CORREA, FRANCISCO",
130480,RAFAL F-11,Rafal,"CESPED ARTIFICIAL Árbitro: MUÑOZ MENDOZA, MOISES",
130488,SANT JORDI F-11,Sant Jordi,"CESPED ARTIFICIAL Árbitro: LLOFRIU JAUME, SERGIO",
130494,SANTANYI F-11,Santanyí,"CESPED ARTIFICIAL Árbitro: REUS PORRAS, JOAN MIQUEL",
130501,SINEU F-11,Sineu,"CESPED ARTIFICIAL Árbitro: MONSERRAT JUAN, MARC",
130502,S'INDIOTERIA F-11,Palma,"CESPED ARTIFICIAL Árbitro: MORA DOS SANTOS, MARIO JOSE",
130503,SOLLER F-11,Sóller,"CESPED ARTIFICIAL Árbitro: MORENO VALERO, PEDRO JUAN",
130504,SON BIBILONI 1,Palmanyola,"CESPED NATURAL Árbitro: BOUZRATI AARRIM, HAITAM",
130506,SON CLADERA F-11,Palma,"CESPED ARTIFICIAL Árbitro: RODRIGUEZ CHRISTIANSEN, ALEJANDRO",
130508,C.MUN.SON FERRIOL F-11,Son Ferriol,"CESPED ARTIFICIAL Árbitro: MARTINEZ FERNANDEZ, JUAN ALBERTO",
130517,SON SERVERA F-11,Son Servera,"CESPED ARTIFICIAL Árbitro: ONETTO BEVIA, DAVID",
130525,SANT BARTOMEU DE FERRERIES,Ferreries,"CESPED ARTIFICIAL Árbitro: MOLL MOLL, VICTOR",
130527,FORMENTERA,Es Mal Pas,"CESPED ARTIFICIAL Árbitro: TORRES RODRIGUEZ, THIERRY GABRIEL",
130690,CAMP MUNICIPAL SES CANALETES DE SANT LLUIS F11,Sant Lluís,"CESPED ARTIFICIAL Árbitro: MANZANO MARTINEZ, PEDRO JOSE",
130721,CAN CANTO,Ca na Negreta,"CESPED ARTIFICIAL Árbitro: CIFRE SORIA, MIGUEL",
130722,SANTA EULARIA DES RIU,Santa Eulària des Riu,"CESPED ARTIFICIAL Árbitro: VICENS BUJOSA, JOAN",
130730,SANT ANTONI DE PORTMANY,Sant Antoni de Portmany,"CESPED ARTIFICIAL Árbitro: VERDERA ESCANDELL, JORDI",
131255,CAMP MUNICIPAL SAN CARLOS DE MAÓ,Madrid,"CESPED ARTIFICIAL Árbitro: SAURINA LLABRES, DIEGO",
314688,CAMP MUNICIPAL BINTAUFA C2 F11,Madrid,"CESPED ARTIFICIAL Árbitro: PAZ POLONI, MARCOS FACUNDO",
453242,BOLTAÑA Villaboya,Boltaña,"Hierba Natural Árbitro: ESCARTIN LARRAZ, MARIO",
453268,SAN JORGE-Virgen de la Violada,San Jorge,"Árbitro: GOMEZ AFONSO, RUBEN",
462654,EJEA-Ciudad Deportiva,Ejea de los Caballeros,"Hierba Natural Árbitro: PARIS GIMENO, ALVARO",
474483,EL OLIVAR-Campo 2,El Olivar,"Hierba Artificial Árbitro: MEDEL VICENTE, JAVIER",
580538,DELICIAS (Antiguo C.E. Pignatelli)-C.M.F.,Madrid,"Hierba Artificial Árbitro: LANGA GARCIA, CARLOS",
644569,CASETAS San Miguel 2,Zaragoza,"Hierba Artificial Árbitro: APARICIO GARCIA , YAGO",
10,ALCORISA José Roca,Alcorisa,"Hierba Natural Árbitro: LITIM DRIOUCHE, MOUAD",
719186,EJEA-Ciudad Deportiva E.M. Artificial,Ejea de los Caballeros,"Hierba Artificial Árbitro: GARCIA REYES, IGNACIO",
130466,CAMP NA CAPITANA ( Petra) F-11,Petra,"CESPED ARTIFICIAL Árbitro: REYNES CORONADO, MIGUEL ANGEL",
130510,SON FUSTER 2 F-11,Palma,"CESPED ARTIFICIAL Árbitro: ALEMANY ROMERO, JAVIER",
555928100,Nou Estadi Costa Daurada,Tarragona,Hierba Natural,
868269041,Estadi Municipal Nova Creu Alta,Sabadell,Hierba Natural,
557238002,Estadio Municipal El Pozuelo,Torremolinos,Hierba Natural,
973436247,Estadio José Rico Pérez,Alicante,Hierba Natural,
575983932,Campo Pinilla,Teruel,Hierba Natural,
708662326,Nuevo Estadio El Maulí,Antequera,Hierba Natural,
650771265,Estadio Atlético de Madrid CD Alcalá de Henares,Alcalá De Henares,Hierba Natural,
259761407,Dama de Noche Football,Marbella,Banús Football Center - Hierba Natural,
97990312,Ciudad Deportiva Luis del Sol,Sevilla,Hierba Natural,
264553622,Estadio Municipal Cartagonova,Cartagena,Hierba Natural,
74017486,Nuevo Estadio Pepico Amat,Elda,,
500812732,Estadio Municipal Santo Domingo,Alcorcón,Hierba Natural,
282572373,Nou Sardenya,Barcelona,Hierba Artificial,
490658533,Polideportivo Municipal Tarazona,Tarazona,Hierba Artificial,
666247416,Estadio Municipal Nuevo Mirador,Algeciras,Hierba Natural,
570368421,Estadio Nueva Condomina,Murcia,Hierba Natural,
256138385,Estadio El Palmar -,Cádiz,,
296015938,Estadio Municipal La Bóbila,Gavà,Hierba Natural,
594554120,Estadio Can Dragó,Barcelona,Hierba Natural,
30151,SES PESQUERES (Artá) F-11,Artà,"CESPED ARTIFICIAL Árbitro: ALONSO MARTORELL, HUGO",
30169,ES PORTIXOL F-11,Port de Sant Miquel,"CESPED ARTIFICIAL Árbitro: AGUILAR ILLAS, CARLOS",
50266,San Miguel - Azuqueca,Azuqueca de Henares,"CESPED ARTIFICIAL Árbitro: GARCIA CARPINTERO, ALVARO",
50315,Municipal - Illescas,Illescas,"CESPED ARTIFICIAL Árbitro: PALENCIA CERDEÑO, CARLOS",
130473,POL.MUN.POLLENÇA F-11,Pollença,"CESPED ARTIFICIAL Árbitro: ARANDA ROSA, FRANCISCO JAVIER",
50329,Las Delicias - Mora,Mora,"CESPED ARTIFICIAL Árbitro: TARJUELO QUIJORNA, RAUL",
50337,El Arroyo - Toledo,Toledo,"CESPED ARTIFICIAL Árbitro: TOUIL MEGROUDA, AZEDDINE",
61015,Martín Juanes - Sonseca,Sonseca,"CESPED ARTIFICIAL Árbitro: LANCHA SANCHEZ, ADRIAN",
61477,"Campo de Fútbol ""Evelio Martínez"" del Complejo Dptvo. Municipal - Almansa (ARTIFICIAL))",Almansa,"CESPED ARTIFICIAL Árbitro: PEREZ SANCHEZ, PABLO",
66719,Salto Caballo (Anexo Paulino Lorenzo) - Toledo,Toledo,"CESPED ARTIFICIAL Árbitro: LARA BARROSO, DIEGO",
66776,Sánchez Menor (anexo 1) - Puertollano,Puertollano,"CESPED ARTIFICIAL Árbitro: DIAZ DE MERA ESCUDEROS, PEDRO",
130438,POL.M.SA POBLA F-11,Palma,"CESPED ARTIFICIAL Árbitro: ORTIZ ESCARRER, FRANCISCO",
130443,LLUCMAJOR F-11,Llucmajor,"CESPED ARTIFICIAL Árbitro: MONTERO CLADERA, ADRIAN",
130455,MIGUEL NADAL F-11,Madrid,"CESPED ARTIFICIAL Árbitro: RAYO LLINAS, LLORENÇ",
130457,CAMP ES REVOLT ( Montuiri) F-11,Montuïri,"CESPED ARTIFICIAL Árbitro: ALEMANY ROMERO, JAVIER",
206829,Municipal Villacampa - Alameda de la Sagra,Alameda de la Sagra,"CESPED ARTIFICIAL Árbitro: LARA BARROSO, DIEGO",
130470,C.M TONI TATXA F-11,Palma,"CESPED ARTIFICIAL Árbitro: RODRIGUEZ CHRISTIANSEN, ALEJANDRO",
130475,CAMPO SES COMES ( P. Cristo) F-11,Madrid,"CESPED ARTIFICIAL Árbitro: FLAQUER REY, GABRIEL",
130476,PORT DE POLLENÇA F-11,Port de Pollença,"CESPED ARTIFICIAL Árbitro: HARO RODRIGUEZ, LUIS",
130484,MELISA NICOLAU ( S'arracó),S'Arracó,"CESPED ARTIFICIAL Árbitro: GUASCH MIR, DAVID",
130509,SON FUSTER 1 F-11,Palma,"CESPED ARTIFICIAL Árbitro: LOPEZ DEL AMO FRANCO, ANGEL",
130511,SON MALFERIT F-11,Palma,"CESPED ARTIFICIAL Árbitro: RAYO LLINAS, LLORENÇ",
130514,POL SON MOIX F-11,Pol,"CESPED ARTIFICIAL Árbitro: SUAU GUAL, EMILKAR DUBIER",
130515,SON SARDINA F-11,Son Sardina,"CESPED ARTIFICIAL Árbitro: ROMERA OLIVER, JORGE",
130522,ES MOLÍ NOU(VILAFRANCA )F-11,Vilafranca de Bonany,"CESPED ARTIFICIAL Árbitro: ALONSO MARTORELL, HUGO",
130524,ESTADI MAONÉS DE MAÓ,Maó,"CESPED ARTIFICIAL Árbitro: MANZANO MARTINEZ, PEDRO JOSE",
130526,CAMP MUNICIPAL D'ES CASTELL F11,Es Castell,"CESPED ARTIFICIAL Árbitro: PONS PRIETO, JOAN",
130697,SON MARÇAL DE CIUTADELLA,Ciutadella,"CESPED ARTIFICIAL Árbitro: PONS PRIETO, JOAN",
130723,NTRA. SRA. DE JESUS,Jesús,"CESPED ARTIFICIAL Árbitro: PACHECO GUIJARRO, JUAN JOSE",
130724,PUIG D'EN VALLS,Puig d'en Valls,"CESPED ARTIFICIAL Árbitro: PACHECO GUIJARRO, JUAN JOSE",
130725,SANT CARLES DE PERALTA F-11,Sant Carles de Peralta,"CESPED ARTIFICIAL Árbitro: SORIANO JUAN, BERNARDO ADRIAN",
130726,SANTA GERTRUDIS DE FRUITERA,Santa Gertrudis de Fruitera,"CESPED ARTIFICIAL Árbitro: TORRES SALA, ADRIAN",
130727,SANT JOSEP DE SA TALAIA,Sant Josep de sa Talaia,"CESPED ARTIFICIAL Árbitro: TUR SILVERIO, MIQUEL",
130728,C. M. KIKO SERRA,Madrid,"CESPED ARTIFICIAL Árbitro: BERNABEU MASCUÑAN, JONATHAN",
130729,SANT AGUSTI DES VEDRA,Sant Agustí des Vedrà,"CESPED ARTIFICIAL Árbitro: HAJ MOUSSA, OUSSAMA",
131258,CAMP MUNICIPAL LAS ARENAS DE FORNELLS,Fornells,"CESPED ARTIFICIAL Árbitro: PAZ POLONI, MARCOS FACUNDO",
173101,Estadio Ciudad Sur - Ciudad Real,Ciudad Real,"CESPED ARTIFICIAL Árbitro: ROMAN GARCIA, FELIPE",
210956,SA POBLA1,A Estrada,"CESPED NATURAL Árbitro: MARTINEZ CABALLERO, JAVIER",
738645,SON BIBILONI 2,Madrid,"CESPED ARTIFICIAL Árbitro: CABELLOS CRUZ, HECTOR",
22715318,AREITIO 3 (HA),Vitoria-Gasteiz,Hierba Artificial,
2084891,Ciudad Deportiva Ebora Formación (Study) - Cazalegas,Talavera de la Reina,"CESPED ARTIFICIAL Árbitro: MAGAN GUDIEL, JUAN CARLOS",
30147,ANTONIANA F-11,Madrid,"CESPED ARTIFICIAL Árbitro: MONSERRAT IBAÑEZ, DANIEL",
2173703,Municipal Fuente de la Niña,Guadalajara,"CESPED ARTIFICIAL Árbitro: PARDOS MATAMOROS, PABLO",
3803686,CAMP DE FUTBOL SOR SERAFINA F-7B,Madrid,"CESPED ARTIFICIAL Árbitro: MARTINEZ CABALLERO, JAVIER",
3226,BOLUE 3,,Hierba Artificial,
609566881,Campos Gaeta Huguet Castellón F-11 Campo B,Les Useres,,
23218938,ES PUTXET,Escorca,"CESPED ARTIFICIAL Árbitro: DURBAY GONZALEZ, FRANCISCO",
3195,GOBELA,,Hierba Artificial,
3668,ETXEZURI,,Hierba Artificial,
50311,Campo de Futbol Municipal - Esquivias,Esquivias,"CESPED ARTIFICIAL Árbitro: GARCIA CABAÑAS, MARCOS",
160341,El Tomillar (Nuevo) - Alovera,Alovera,"CESPED ARTIFICIAL Árbitro: LICITRA DI ROSA, GIANPAOLO",
1201797,Municipal Fuente de la Niña (anexo 1),Guadalajara,"CESPED ARTIFICIAL Árbitro: OSORIO MIRA, CARLOS",
50194,Faustino Alvarruiz - Tarazona,Tarazona,"CESPED ARTIFICIAL Árbitro: MARTINEZ PARREÑO, OSCAR",
50200,Virgen de la Caridad - Villarrobledo,Villarrobledo,"HIERBA NATURAL Árbitro: PARDOS MATAMOROS, PABLO",
50216,San José - Sta. Cruz Mudela,Santa Cruz de Mudela,"CESPED ARTIFICIAL Árbitro: AREVALO LEON, FELIPE",
50226,Municipal - Bolaños,Bolaños,"CESPED ARTIFICIAL Árbitro: RAMIREZ SANTOS, CARLOS",
50228,Municipal - Torrenueva,Torrenueva,"CESPED ARTIFICIAL Árbitro: AREVALO LEON, FELIPE",
50232,El Ejido de Las Casas (Ciudad Real),Ciudad Real,"CESPED ARTIFICIAL Árbitro: ALMODOVAR PEREZ, ALEJANDRO DOMINGO",
50233,Candelario L. Rivas - Miguelturra,Miguelturra,"CESPED ARTIFICIAL Árbitro: MASSAT BOUZAHAR, MOHAMED",
50235,Ptvo. Municipal Manuel Delgado Meco A - Alcázar San Juan,Alcázar de San Juan,"CESPED ARTIFICIAL Árbitro: LOPEZ DE LOS MOZOS DONATE, FERNANDO",
50239,Felix Barrero - Malagón,Malagón,"CESPED ARTIFICIAL Árbitro: GARCIA DE LA GALANA LORO, VICTOR",
50251,Joaquín Caparrós - Cuenca,Cuenca,"CESPED ARTIFICIAL Árbitro: CARRASCO HERVAS, SAMUEL",
50255,Municipal - El Provencio,El Provencio,"CESPED ARTIFICIAL Árbitro: MIGUEL LOPEZ, CARLOS",
50262,Municipal - Las Pedroñeras,Las Pedroñeras,"CESPED ARTIFICIAL Árbitro: GONZALEZ DE ANCOS, ALEJANDRO",
50265,Jerónimo Morena - Guadalajara,Guadalajara,"CESPED ARTIFICIAL Árbitro: PRICOPI GOGU, SEBASTIAN ROBERTO",
50267,La Solana - Marchamalo,Marchamalo,"CESPED ARTIFICIAL Árbitro: OSORIO MIRA, CARLOS",
50296,Municipal Ramiro Almendros - Cabanillas Campo,Cabanillas del Campo,"CESPED ARTIFICIAL Árbitro: VALENZUELA VICENTE, JORGE",
50299,Salto del Caballo - Toledo,Toledo,"HIERBA NATURAL Árbitro: DIAZ-PORTALES RUIZ, MIGUEL",
50327,MUNICIPAL DE CALERA,Madrid,"CESPED ARTIFICIAL Árbitro: CORRAL GARCIA, ALVARO",
208409,Ciudad de Puertollano,Puertollano,"HIERBA NATURAL Árbitro: MIGUEL LOPEZ, CARLOS",
50330,San Francisco - Torrijos,Torrijos,"CESPED ARTIFICIAL Árbitro: TORRES LOBATO, ALONSO",
61005,Rodrigo Navarro - Argés,Argés,"CESPED ARTIFICIAL Árbitro: MIGUEL LOPEZ, CARLOS",
61011,El Prado - Villaluenga,Villaluenga de la Sagra,"CESPED ARTIFICIAL Árbitro: ARIAS JIMENEZ, LUIS MANUEL",
61013,Alejandro González - Fuensalida,Fuensalida,"CESPED ARTIFICIAL Árbitro: BELLAVISTA VAZQUEZ, JAIME",
61016,Las Pirámides - Villacañas,Villacañas,"CESPED ARTIFICIAL Árbitro: MARTINEZ INIESTA, PEDRO J.",
61290,San Marcos - Quintanar del Rey,Quintanar del Rey,"CESPED ARTIFICIAL Árbitro: CARRETERO ANTON, RAUL",
61594,Municipal Carlos Escudero - Mota del Cuervo,Mota del Cuervo,"CESPED ARTIFICIAL Árbitro: MARCOS-ALBERCA LIZCANO, MANUEL",
62146,Ciudad Deportiva Albacete - Andres Iniesta,Albacete,"HIERBA NATURAL Árbitro: GALLEGO RODRIGUEZ, VICTOR MANUEL",
62232,San Isidro - Tarancon,Tarancón,"CESPED ARTIFICIAL Árbitro: PEREZ SANCHEZ, ALBERTO",
62463,Estadio Municipal - Tarancón,Tarancón,"HIERBA NATURAL Árbitro: MASSAT BOUZAHAR, MOHAMED",
62662,Municipal - Balazote,Balazote,"CESPED ARTIFICIAL Árbitro: HUERTAS MONREAL, JOSE ANTONIO",
62677,Ptvo. Municipal - Corral de Almaguer,Corral de Almaguer,"CESPED ARTIFICIAL Árbitro: EL KAJAIRI MAZA, TAREK",
63960,Ciudad Deportiva 2 Albacete - Andres Iniesta,Albacete,"HIERBA NATURAL Árbitro: MARTINEZ CABAÑERO, PABLO",
63972,Ptvo. Juan Carlos I (anexo 2) - C. Real,Ciudad Real,"CESPED ARTIFICIAL Árbitro: LARA FERNANDEZ-INFANTE, CARLOS JAVIER",
64021,Municipal nº 2 - Albacete,Albacete,"CESPED ARTIFICIAL Árbitro: GARCIA ALARCON, JOSE MIGUEL",
64053,Ptvo. Juan Carlos I (anexo 3) - C.Real,Ciudad Real,"CESPED ARTIFICIAL Árbitro: CHAVARRIAS PEREZ, ALVARO",
64119,Larache - C. Real,Ciudad Real,"CESPED ARTIFICIAL Árbitro: AREVALO LEON, FELIPE",
66490,Escuela Gimnasia - Toledo,Toledo,"CESPED ARTIFICIAL Árbitro: MANCEBO GAMITO, AGUSTIN",
67596,Ciudad Deportiva 3 Albacete - Andres Iniesta,Albacete,"CESPED ARTIFICIAL Árbitro: MARTINEZ CAMPOS, ALEJANDRO MANUEL",
67597,Ciudad Deportiva 4 Albacete - Andres Iniesta,Albacete,"CESPED ARTIFICIAL Árbitro: TOLEDO GALINDO, MIGUEL A.",
100124,Municipal nº 3 - Albacete,Albacete,"CESPED ARTIFICIAL Árbitro: MARTINEZ CAMPOS, ALEJANDRO MANUEL",
100236,Ciudad Deportiva - Tomelloso,Tomelloso,"CESPED ARTIFICIAL Árbitro: GALLEGO GORDILLO, FELIPE",
100286,Ciudad Deportiva 5 Albacete - Andres Iniesta,Albacete,"CESPED ARTIFICIAL Árbitro: PICAZO GIL, JOSE MARIA",
103953,La Moheda (anexo) - La Solana,La Solana,"CESPED ARTIFICIAL Árbitro: LARA BARROSO, DIEGO",
104394,Municipal Nuevo Maracañi - La Roda,La Roda,"CESPED ARTIFICIAL Árbitro: NAVARRO MOYA, MARIA",
258215,Campo Paseo de la Cuba,Albacete,"CESPED ARTIFICIAL Árbitro: GOMEZ LINARES, ANDRES",
396806,Municipal San Anton - Villarrobledo,Villarrobledo,"CESPED ARTIFICIAL Árbitro: CHAVARRIAS PEREZ, ALVARO",
761258,Campo Miguel Angel Guerrero - Borox,Borox,"CESPED ARTIFICIAL Árbitro: SAAVEDRA HERRERO, ROBERTO",
80,SAN JOSE-C.M.F. Salma Paralluelo,Madrid,"Hierba Artificial Árbitro: MUÑOZ CHUPS, ALBERTO",
1024509,Obispo Laplana - Cuenca,Cuenca,"CESPED ARTIFICIAL Árbitro: RODRIGUEZ LOPEZ DE HARO, ROBERTO C.",
777144,Fred Galiana (Piscina) - Quintanar de la Orden,Quintanar de la Orden,"CESPED ARTIFICIAL Árbitro: MARTINEZ LOPEZ, JOSE ANGEL",
1016383,Municipal Ramiro Almendros (anexo 1) / Cabanillas del Campo,Cabanillas del Campo,"CESPED ARTIFICIAL Árbitro: LICITRA DI ROSA, GIANPAOLO",
1566573,Ciudad Deportiva Ebora Formación (Enjoy) - Cazalegas,Talavera de la Reina,"CESPED ARTIFICIAL Árbitro: DIAZ DE MERA ESCUDEROS, PEDRO",
1755673,Campo Municipal Guillermo Díaz - Ugena,Ugena,"CESPED ARTIFICIAL Árbitro: JIMENEZ GOMEZ, MARCOS",
22009747,Complejo Deportivo Layos,Layos,"CESPED ARTIFICIAL Árbitro: LOZANO GOMEZ RECUERO, SANTIAGO",
157,SABIÑANIGO-Joaquín Ascaso,Sabiñánigo,"Hierba Artificial Árbitro: GARCIA SANTIAGO, EDGAR",
50187,José Copete - Albacete,Albacete,"CESPED ARTIFICIAL Árbitro: RUIZ CORREDOR, ALEJANDRO",
308706399,Estadio Luis Suñer Pico F-11 Alzira,Alzira,,
339983617,Ciutat Esptva. Camilo Cano F-11 La Nucia Anexo,la Nucia,,
356967666,Ciutat Esptva. Camilo Cano F-11 La Nucia,la Nucia,,
517954290,Campo Beltran Baguena Buñol F-11,Buñol,,
587403240,Campo La Figuereta F-11 Canet Berenguer,Canet d'en Berenguer,,
641219938,Estadi Mpal. El Clariano F-11 Ontinyent,Ontinyent,,
24,Cubillas - Ramales,Ramales de la Victoria,"Hierba Artificial Árbitro: EZCURRA SÁNCHEZ, UNAI",
29,El Regimiento,Madrid,"Hierba Artificial Árbitro: ERREA GONZÁLEZ, IZAN",
43,Inst. Nando Yosu 3,Madrid,"Hierba Artificial Árbitro: GARCIA RUBIO, JOEL",
45,Juan Hormaechea,Madrid,"Hierba Artificial Árbitro: GONZALEZ BARRUETABEÑA, BENITO",
47,Laredo 1,Laredo,"Hierba Natural Árbitro: COBO TORRES, CRISTIAN",
59,Monte 1,Madrid,"Hierba Artificial Árbitro: RUIZ ALONSO, CARLOS",
61,Municipal de Frajanas,Astillero,"Hierba Artificial Árbitro: FERNÁNDEZ QUINTANA, RAÚL",
63,Muriedas 2,Torrelavega,"Hierba Artificial Árbitro: GONZALEZ OBREGON, KENAY",
64,Noja 1,Santoña,"Hierba Natural Árbitro: CRUZ TRUEBA, MARIO",
65,Noja 2,Noja,"Hierba Artificial Árbitro: FERNÁNDEZ ARAGONCILLO, PABLO",
153,Polanco,Rumoroso,"Hierba Artificial Árbitro: QUEVEDO CALLEJA, DIEGO",
160,Puente San Miguel,Puente San Miguel,"Hierba Artificial Árbitro: FERNANDEZ-MOREIRA FERNANDEZ, CHRISTIAN",
162,Revilla,Camargo,"Hierba Artificial Árbitro: GONZÁLEZ AJA, PABLO",
166,San Vicente,Almería,"Hierba Artificial Árbitro: LÓPEZ CONDE, JOSÉ ANTONIO",
171,Sarón 1,"Saron,Cantabria","Hierba Natural Árbitro: BÁRCENA RUIZ, ALBERTO",
172,Saron 2,"Saron,Cantabria","Hierba Artificial Árbitro: IGLESIAS GUTIÉRREZ, DAVID",
173,Selaya,Pisueña,"Hierba Artificial Árbitro: FERNÁNDEZ ARAGONCILLO, PABLO",
181,Tanos 1,Torrelavega,"Hierba Artificial Árbitro: DOMINGO FERNÁNDEZ, PABLO",
182,Tanos 2,Málaga,"Hierba Artificial Árbitro: HAYA CARRAL, SAMUEL",
187,Vicente Miera,Madrid,"Hierba Artificial Árbitro: COBO TORRES, CRISTIAN",
190,Vioño,Vioño de Piélagos,"Hierba Artificial Árbitro: SALAZAR CASTAÑO, SERGIO",
332,PICARRAL-C.M.F.,Zaragoza,"Hierba Artificial Árbitro: DE LOS RIOS ALVARIÑO, VICTOR",
36,Guarnizo 1,Astillero,"Hierba Natural Árbitro: EZCURRA SÁNCHEZ, UNAI",
48,Laredo 2,Laredo,"Hierba Natural Árbitro: GONZALEZ BARRUETABEÑA, BENITO",
57,Mioño Estacion,Castro-Urdiales,"Hierba Artificial Árbitro: ÁLVAREZ ESTRADA, RICARDO",
11,Cartes 1,Cartes,"Hierba Natural Árbitro: GARCÍA YURRIETA, DANIEL",
7040655,Mijarojos,Mijarojos,"Hierba Artificial Árbitro: GONZÁLEZ ANTÓN, ASSIER",
38247830,Ciutat Esptva. Pamesa Ceramica F-11 Vila-real Campo 3,Vila-real,,
43592526,Ciudad Dptva. Valencia CF F-11 Campo 4,València,,
84179629,Estadi Mpal. El Regit F-11 Atzeneta Albaida,Atzeneta d'Albaida,,
87499835,Camp Nou de Morvedre F-11 Sagunto,Sagunt,,
98599074,Ciutat del Futbol Juanfran Torres F-11 Campo Enrique Miralles,Legutio,,
99823376,Campo Mpal. de Torrellano F-11,Legutio,,
117694872,Campo Mpal. Venecia F-11 Alzira,Alzira,,
165633870,Campo Mpal. Carraixet F-11 Tavernes Blanques,Tavernes Blanques,,
166686480,Campo Mpal. El Arco F-11 Soneja,Legutio,,
200658361,Polidep. Mpal. David Casinos Miguel Tendillo F-11 Moncada Campo 2,Legutio,,
220575391,Estadio Mpal. La Celadilla F-11 Utiel,Utiel,,
306641938,Campo Mundial 82 F-11 Catarroja,Catarroja,,
312341786,Ciutat Esptva. Camilo Cano F-11 Estadi Olimpic La Nucia,La Nucia,,
350159054,Campo Tramo II Parque del Turia F-11,Legutio,,
374272059,"Ciudad Dptva. Elche Campo 6 José Ant. Morante ""Lico"" F-11",Legutio,,
392083775,Ciudad Dptva. San Vicente del Raspeig F-11,Legutio,,
420583882,Campo de Futbol Mpal. San Gregorio F-11 Campo A,Legutio,,
467571844,Polidep. Mpal. David Casinos Ricardo Alos F-11 Moncada Campo 1,Montcada,,
471430602,Instalaciones Dptvas. El Planter F-11,Legutio,,
483871027,Polideportivo Mpal. Altabix Enrique Cervera F-11,Legutio,,
523763581,Ciudad Dptva. del Levante U.D. F-11,Legutio,,
524396805,Ciudad Dptva. Valencia CF F-11 Campo 3,Legutio,,
526805526,Polideportivo Mpal. Carrus F-11 Elche,Elx,,
569830351,Poliesportiu Mpal. Antonio Escuriet F-11,Legutio,,
635323720,Campo Torre Levante-Orriols F-11,Legutio,,
654344326,Campo de Fútbol Mpal. de Beniferri F-11,Legutio,,
671807346,Estadio Mpal. Jose Mangriñan F-11 Vall d`Uxó Campo 1,Vall de Uxó,,
673337150,Ciutat de L`Esport Parc Central F-11 Torrent Campo 2,Legutio,,
718275244,Campo Mpal. La Corona Almenara F-11 Campo 1,Legutio,,
725592338,Ciudad Dptva. Jose Manuel Llaneza F-11 Vila-real Mini Estadi,Villarreal,,
809819426,Campo Mpal. El Altet F-11,Legutio,,
822993657,Campos Sismat de Elda F-11 Campo 1,Elda,,
842752183,Ciudad Dptva. José Manuel Llaneza F-11 Vila-real Campo 9,Villarreal,,
891075840,Ciudad Dptva. José Manuel Llaneza F-11 Vila-real Campo 5,Villarreal,,
902941436,Campo Mpal. de Catral F-11,Legutio,,
953323135,Estadio Mpal. Francisco Cardona F-11 Alboraya,Alboraia,,
386,TAMARITE-La Colomina,Tamarite de Litera,"Hierba Artificial Árbitro: ALONSO MARTINEZ, JORGE",
407,VILLANUEVA Enrique Porta,Madrid,"Hierba Natural Árbitro: MEJJOUD BOUKHAL, KHALID",
1295,IPINTZA (H.A.),Madrid,Hierba Artificial,
1299,MARTUTENE (H.A.),Donostia / San Sebastián,Hierba Artificial,
1333,MASTEGI (H.A.),Madrid,Hierba Artificial,
1334,MATZADA (H.A.),Bera,Hierba Artificial,
1702,TABIRA (H.A.),Durango,Hierba Artificial,
1937,ELLAKURI,Laudio / Llodio,"Hierba Artificial Árbitro: PRADO DIAZ, AMETS",
67641,San Blas (anexo 1) / Cabanillas del Campo,Cabanillas del Campo,"CESPED ARTIFICIAL Árbitro: MARQUEZ RUIZ DE MIER, ENRIQUE",
47692551,Estadio Municipal Román Suárez Puerta,Avilés,,
577655176,Estadio Romano José Fouto,Mérida,Hierba Natural,
634471625,Estadio Municipal El Prado,Talavera de la Reina,Hierba Natural,
73456380,Campo de Futbol Fernando Tomas F-11 Campo 3,Vitoria-Gasteiz,,
814314302,Campo Futbol Miquel Soler Parque Dptvo. Sindical F-11 Castellón,Castelló de la Plana / Castellón de la Plana,,
98423588,Estadio Alfredo Di Stéfano,Madrid,Hierba Natural,
552400157,Estadio Ruta de la Plata,Zamora,Hierba Natural,
202864292,Ciudad Dptva. Valencia CF F-11 Campo 1,Legutio,,
130451,POL.SA TORRE F-11 (Manacor),,"CESPED ARTIFICIAL Árbitro: DIAZ SOTO, LUIS MIGUEL",
233230183,Campo Salesianos Don Bosco F-11 Valencia,Legutio,,
251931928,Estadio Municipal Santo Domingo,Alcorcón,Hierba Natural,
300902889,Ciudad Dptva. Elche Campo 5 Palmeral D'Elx F-11,Legutio,,
129019512,Estadio Municipal Nuevo Mirador,Algeciras,Hierba Natural,
397493285,Ciudad Dptva. Chencho Campo A F-11 Castellón,Castelló de la Plana,,
27523554,Estadio La Cartuja Sevilla,Sevilla,Hierba Natural,
441996072,Ciudad Dptva. Chencho Campo C F-11 Castellón,Castelló,,
371119043,Nuevo Estadio Pepico Amat,Elda,,
605292091,Ciudad Dptva. Elche Campo 1 José Pastor F-11,Legutio,,
485655031,Estadio Municipal El Pozuelo,Torremolinos,Hierba Natural,
651246226,Polideportivo Mpal. Joan Girbes F-11,Legutio,,
89866729,Estadi Municipal Can Misses,Eivissa,Hierba Natural,
404385601,Ciudad Dptva. del Levante U.D. F-11 Mini Estadi,Buñol,Hierba Natural,
705862023,Campos Sismat de Elda F-11 Campo 2,Legutio,,
800449078,Nou Estadi Costa Daurada,Tarragona,Hierba Natural,
818132298,Campo de Futbol Mpal. San Gregorio F-11 Campo B,Ataún,,
3235,GALINDO,Valencia,Hierba Artificial,
4244,BASOZABAL 1,Belako,Hierba Natural,
4361,BOLUE 2,Getxo,Hierba Artificial,
464183,C.F.A. OSCAR FLE - Campo 4,Madrid,"Hierba Artificial Árbitro: DE LOS RIOS ALVARIÑO, VICTOR",
811631,Campo de Fútbol de la Pista de Atletismo Municipal - Almansa (ARTIFICIAL),Almansa,"CESPED ARTIFICIAL Árbitro: GOMEZ LINARES, ANDRES",
2002361,TERUEL-Antiguo federativo,Teruel,"Hierba Artificial Árbitro: EL MAZRAOUI, ILYAS",
3803685,CAMP DE FUTBOL SOR SERAFINA F-7A,Madrid,"CESPED ARTIFICIAL Árbitro: MOREY GARCIA, VICTOR MANUEL",
22576293,ATSOBAKAR (H.A.),Lasarte,Hierba Artificial,
165933873,Campo San Lorenzo Alguazas,Mula,Hierba Artificial,
4202,ELEXALDE,,Hierba Artificial,
130529,CAMP MUNICIPAL SANT MIQUEL DE CIUTADELLA,,"CESPED ARTIFICIAL Árbitro: GONZALEZ ALMAGRO, MARINA",
5240,ASTOLA 1,,Hierba Artificial,
427670282,Nuevo Estadio Castalia,Castellón De La Plana,Hierba Natural,
251122699,Nuevo Arcángel,Córdoba,Hierba Natural,
378052979,Anoeta,San Sebastián-Donostia,Hierba Natural,
718681122,Estadio Alfonso Murube,Ceuta,Hierba Natural,
980785938,Estadio Reino de León,León,Hierba Natural,
882680834,Estadio El Sardinero,Santander,Hierba Natural,
437000833,Estadio de los Juegos Mediterráneos,Almería,Hierba Natural,
72884973,Estadio Nuevo Los Cármenes,Granada,Hierba Natural,
203356780,Estadio Municipal de Riazor,A Coruña,Hierba Natural,
853870334,Estadio Modular,Zaragoza,Real Zaragoza - Hierba Natural,
693939910,Estadio Municipal de Butarque,Leganés,Hierba Natural,
491908374,San Mamés,Bilbao,Hierba Natural,
122594740,Estadio Metropolitano,Madrid,Hierba Natural,
491692420,Estadio Martínez Valero,Elche,Hierba Natural,
929038882,Estadio Ciutat de Valencia,Valencia,Hierba Natural,
129916177,Estadio de Vallecas,Madrid,Hierba Natural,
682883213,Carlos Tartiere,Oviedo,Hierba Natural,
338784482,Estadio El Sadar,Pamplona,Hierba Natural,
148935321,Estadio Ramón Sánchez-Pizjuán,Sevilla,Hierba Natural,
614085438,Estadio Heliodoro Rodríguez López,Santa Cruz de Tenerife,Hierba Natural,
472142635,Campo Municipal de Espiñedo,Carballiño (O),Hierba Natural,
819165621,Estadio Balaidos,Vigo,Hierba Natural,
224734259,Campo Municipal A Malata,Ferrol,Hierba Natural,
514405492,Instalaciones Deportivas de Lezama,Lezama,Hierba Natural,
438387215,Estadi Municipal Nova Creu Alta,Sabadell,Hierba Natural,
416631774,Campo Pinilla,Teruel,Hierba Natural,
313305376,Cdad. Dva. José Manuel Llaneza,Vila-real,Mini Estadi,
50191,Municipal Paco Moreno del Vencejero- La Roda,,"HIERBA NATURAL Árbitro: ESCOBAR GARCIA, MARCOS",
6,BASARTE,,"Hierba Natural Árbitro: EGUIGUREN ARTECHE, JON",
739896884,Estadio Municipal Carlos Belmonte,Albacete,Hierba Natural,
136348543,Nou Estadi Encamp,,Hierba Natural,
699475564,Estadio Municipal Nuevo Mirandilla,Cádiz,Hierba Natural,
739420238,Estadio de Gran Canaria,Las Palmas de Gran Canaria,Hierba Natural,
75211430,Estadio La Rosaleda,Málaga,Hierba Natural,
342201071,Estadio Reino de León,León,Hierba Natural,
398938574,Estadio El Alcoraz,Huesca,Hierba Natural,
83522859,Estadio Municipal de Ipurua,Eibar,Hierba Natural,
156732739,Estadio José Zorrilla,Valladolid,Hierba Natural,
328312128,Estadio Municipal de Anduva,Miranda de Ebro,Hierba Natural,
879735654,Estadio Municipal El Molinón-Enrique Castro «Quini»,Gijón,,
780553492,Estadio Alfonso Murube,Ceuta,Hierba Natural,
595373712,Instalaciones de Zubieta Z7 H.N.,San Sebastián-Donostia,Hierba Natural,
220293040,Estadio Nuevo Los Cármenes,Granada,Hierba Natural,
505098437,Nuevo Estadio Castalia,Castellón De La Plana,Hierba Natural,
897354511,Estadio Municipal de Riazor,A Coruña,Hierba Natural,
314764099,Estadio de los Juegos Mediterráneos,Almería,Hierba Natural,
433001139,Estadio El Sardinero,Santander,Hierba Natural,
211428207,Estadio Modular,Zaragoza,Real Zaragoza - Hierba Natural,
675120185,Estadio Municipal El Plantío,Burgos,Hierba Natural,
370815065,Nuevo Arcángel,Córdoba,Hierba Natural,
638641906,Estadio Municipal de Butarque,Leganés,Hierba Natural,
724733100,Mendizorrotza,Vitoria-Gasteiz,Hierba Natural,
934737345,Estadio La Cartuja Sevilla,Sevilla,Hierba Natural,
427770385,Campo Municipal de Fadura,Getxo,Hierba Natural,
373001445,Estadio Principe Felipe,Cáceres,Hierba Natural,
790481931,Estadio Anxo Carro,Lugo,Hierba Natural,
867864857,Estadio Municipal Reina Sofía,Salamanca,Hierba Natural,
517887205,Estadio Municipal El Toralín,Ponferrada,Hierba Natural,
466046142,Estadio Municipal de Pasarón,Pontevedra,Hierba Natural,
282956174,Instalaciones de Tajonar H1,Aranguren,Hierba Natural,
240096249,Ciudad Deportiva Málaga CF Campo HA 4,Legutio,Hierba Artificial,
606139985,Ciudad Dptva. Valencia CF F-11 Estadio Antonio Puchades,Legutio,,
742508155,Ciudad Dptva. de Alicante F-11,Legutio,,
965057847,Ciutat de L`Esport Parc Central F-11 Torrent Campo 1,Legutio,,
4169,SAN VICENTE C.D.M.,San Vicente de Barakaldo,Hierba Artificial,
4191,IBAIONDO-DERIO,Elexalde Derio,Hierba Artificial,
4213,URBIETA 1 - Gernika,Gernika-Lumo,Hierba Artificial,
4227,BARROETA,Barroeta,Hierba Artificial,
4252,GAZITUAGA,Zamudio,Hierba Natural,
4271,PARQUE RIVAS,Rivas-Vaciamadrid,Hierba Artificial,
4364,SARRIENA 4,Sarriena,Hierba Natural,
4393,ETXEZURI,Landa,Hierba Artificial,
4889,ZALDUPE,Ondarroa,Hierba Artificial,
50182,Complejo Dtvo. Santa Ana - Hellín,Hellín,"CESPED ARTIFICIAL Árbitro: GOMEZ LINARES, ANDRES",
50205,Ptvo. Juan Carlos I (C.Real),Ciudad Real,"HIERBA NATURAL Árbitro: ALONSO SALCEDO, ALEJANDRO",
50210,Estadio Municipal Paco Galvez de Tomelloso,Tomelloso,"CESPED ARTIFICIAL Árbitro: GOMEZ-MIGUEL GONZALEZ, ALVARO",
50259,Ptvo. Municipal - San Clemente,San Clemente,"CESPED ARTIFICIAL Árbitro: TARJUELO QUIJORNA, RAUL",
61001,Diego Mateo Zarra - Talavera,Talavera de la Reina,"CESPED ARTIFICIAL Árbitro: MUÑOZ MENDEZ, JUAN M.",
61289,Estadio Municipal - Miguelturra,Miguelturra,"CESPED ARTIFICIAL Árbitro: ROMAN GARCIA, FELIPE",
110462,P.M. FRED GALIANA DE QUINTANAR ORDEN,Quintanar de la Orden,"MATERIAL SINTÉTICO Árbitro: NIETO AGUADO, BASILIO",
130434,C.SALLISTA ( Inca) F-11,Inca,"CESPED ARTIFICIAL Árbitro: MUNTANER RUIZ, PAU",
130439,POL. LA SALLE,Santa Cruz de Tenerife,"CESPED ARTIFICIAL Árbitro: MUNTANER RUIZ, PAU",
130492,CAMP DE FUTBOL SOR SERAFINA F-11,Madrid,"CESPED ARTIFICIAL Árbitro: RODRIGUEZ CHRISTIANSEN, ALEJANDRO",
130720,CAN MISSES-2,Eivissa,"CESPED ARTIFICIAL Árbitro: ORTIN RODRIGUEZ, SERGIO",
130731,SANT RAFEL DE SA CREU,Sant Rafel de Forca,"CESPED ARTIFICIAL Árbitro: TUR SILVERIO, MIQUEL",
453260,ALMOZARA (antiguo El Carmen)-C.M.F.,Zaragoza,"Hierba Artificial Árbitro: FERRER COLLADO, DAVID",
475838,MONZON Antonio Alcubierre,Alcubierre,"Hierba Artificial Árbitro: LOSFABLOS MESTRE, ALEJANDRO",
22313842,OLVEGA El Moral - Anexo,Ólvega,"Hierba Natural Árbitro: BARTOLOME ESTEBAN, PEDRO",
70771588,Estadio Balaidos,Vigo,Hierba Natural,
912902186,RCDE Stadium,Barcelona,Hierba Natural,
303963005,Coliseum Getafe,Getafe,Hierba Natural,
43812665,Estadi Mallorca Son Moix,Palma de Mallorca,Hierba Natural,
464211381,Estadio Santiago Bernabeu,Madrid,Hierba Natural,
95187756,Camp de Mestalla,Valencia,Hierba Natural,
509505924,Estadi Montilivi,Girona,Hierba Natural,
916556098,Estadio de la Cerámica,Vila-real,Hierba Natural,
955456146,Estadio de O Couto,Ourense,Hierba Natural,
602501698,Nuevo Estadio Lasesarre,Barakaldo,,
279569561,Estadio Pedro Escartín,Guadalajara,Hierba Natural,
462495,C.F.A. OSCAR FLE -Estadio PEDRO SANCHO SANCHO,,"Hierba Artificial Árbitro: HIDALGO SANDINO, SANTIAGO",
254525918,Dama de Noche Football,Marbella,Banús Football Center - Hierba Natural,
388274905,Estadio José Rico Pérez,Alicante,Hierba Natural,
964954524,Estadio Can Dragó,Barcelona,Hierba Natural,
338016850,Nuevo Estadio El Maulí,Antequera,Hierba Natural,
834631220,Estadio El Palmar -,Cádiz,,
215710945,Ciudad Deportiva,Sevilla,Estadio Jesús Navas - Hierba Natural,
109344797,Polideportivo Municipal Tarazona,Tarazona,Hierba Artificial,
830495196,Estadio Atlético de Madrid CD Alcalá de Henares,Alcalá De Henares,Hierba Natural,
961914084,Estadio Municipal Cartagonova,Cartagena,Hierba Natural,
514630023,Estadio Nueva Condomina,Murcia,Hierba Natural,
50183,"Campo de Fútbol Municipal ""Paco Simón"" - Almansa (NATURAL)",,"HIERBA NATURAL Árbitro: DIAZ-PORTALES RUIZ, MIGUEL",
50217,Sánchez Menor - Puertollano,,"HIERBA NATURAL Árbitro: MARTINEZ SANTIAGO, DANIEL",
130010,NOU CAMP DE INCA 1,Inca,"CESPED NATURAL Árbitro: HIDALGO FUSTER, DANIEL",
130486,CAMP D'ES MOLETER ( Sant Llorenç) F-11,Sant Llorenç des Cardassar,"CESPED ARTIFICIAL Árbitro: CORBELLE HUELIN, ADRIAN",
130523,CAMP MUNICIPAL SANT ANTONI DE CIUTADELLA,Ciutadella,"CESPED ARTIFICIAL Árbitro: MOLL MOLL, VICTOR",
475963,CIUDAD DEPORTIVA R.Z. - 3,Madrid,"Hierba Artificial Árbitro: HIDALGO SANDINO, SANTIAGO",
2236284,Municipal Angel Luengo - Noblejas (ARTIFICIAL),Noblejas,"CESPED ARTIFICIAL Árbitro: ET TABET HABOUS, AYOUB",
396,JOAQUÍN GONZÁLEZ,,"Hierba Artificial Árbitro: FUENTES SUILS, DIEGO",
100122,Municipal nº 4- Albacete,,"CESPED ARTIFICIAL Árbitro: SANCHEZ MORENO, ALEJANDRO",
280036292,Campo Futbol La Oliva,Santurtzi,,
784196120,Ciudad Dptva. del Levante U.D. F-11 Campo 4,Legutio,,
916728908,Instalación deportiva Vereda de Ganapanes,Legutio,,
966073962,Nou Estadi Encamp,Legutio,Hierba Natural,
2,AMETSA,Madrid,"Hierba Artificial Árbitro: ORTIZ GONZÁLEZ, ADRIAN",
7,J. GASTAMINZA (H.N.),Madrid,"Hierba Natural Árbitro: ALONSO MARTIN, ENEKO",
53,BETOÑO Nº 1,Vitoria-Gasteiz,"Hierba Natural Árbitro: EL HELOUI OULAD ELKADI, HAKIM",
163,LA AZUCARERA-C.M.F.,Zaragoza,"Hierba Artificial Árbitro: MUÑOZ YAGO, JOSE ENRIQUE",
170,J. GASTAMINZA (H.A.),Burlada,"Hierba Artificial Árbitro: JATRI JATRI EL HEJA, SALEK",
384,STADIUM VENECIA,Zaragoza,"Hierba Artificial Árbitro: RAMMAH , MOHAMED REDA",
1318,AGORROSIN,Bergara,Hierba Artificial,
1545,IGARTZA (H.A.),Deba,Hierba Artificial,
4157,URRITXE,Amorebieta,Hierba Natural,
4162,IBERLANDA JAVIER ESCALZA,Arrankudiaga,Hierba Artificial,
4192,TABIRA 1,Durango,Hierba Artificial,
4196,ATEGORRI,Altzaga,Hierba Natural,
4234,ERROTARTE,Valle de Trapaga / Trapagaran,Hierba Artificial,
4357,MAIONA B,Barcelona,Hierba Artificial,
4359,IBARSUSI A,Bilbao,Hierba Artificial,
30160,C'AN GASPAR ( Pla de Na Tesa)F-11,Es Pla de na Tesa,"CESPED ARTIFICIAL Árbitro: BORREDA GIMENEZ, GONZALO",
50213,La Moheda - La Solana,La Solana,"HIERBA NATURAL Árbitro: CIRUELOS ESTEBAN, GUILLERMO",
62466,Los Tiradores - Cuenca,Cuenca,"CESPED ARTIFICIAL Árbitro: FERNANDEZ VERA, EDUARDO",
62497,Antonio Amorós - Caudete,Caudete,"CESPED ARTIFICIAL Árbitro: SANTOYO ARIAS, CARLOS",
109219,Nuevo campo - Villarrubia Ojos,Villarrubia de los Ojos,"CESPED ARTIFICIAL Árbitro: CARRASCO HERVAS, SAMUEL",
